Distance_(microns),eve,engril,mlpt,hb,kr,gt,svb,cad,runt,odd
0,117.0555556,175.1111111,604.6666667,889,59.94444444,183.7222222,178.2777778,113.3888889,168.9444444,239.3333333
1,115.5333333,162.7333333,722.7333333,826.5666667,61.86666667,167,166.9,117.2,174.8333333,286.6
2,100.0434783,138.6304348,631.7608696,667.2608696,54.52173913,143.5434783,139.1521739,106.6521739,158.326087,242.1304348
3,106.8727273,147.6909091,681.6909091,654.4181818,58.85454545,152.0727273,144.1454545,119.3454545,172.9818182,256.2363636
4,121.0983607,167.5081967,795.7868852,696.2786885,67.7704918,164.0327869,165.9344262,145.3114754,203.9344262,306.3442623
5,113.5512821,154.025641,756.974359,608.6666667,63,148.5128205,155.1538462,135.4487179,189.8333333,296.9230769
6,114.576087,148.9673913,758.6195652,588.8695652,62,143.8478261,154.7934783,139.3478261,185.2065217,289.6521739
7,117.5742574,157.1584158,799.2574257,613.9108911,64.34653465,147.3861386,161.7029703,158.2277228,190.4455446,292.6930693
8,125.3333333,166.2407407,830.5277778,653.4351852,66.43518519,152.8611111,167.3148148,164.3055556,193.9074074,300.4166667
9,132.475,165.9666667,848.0916667,665.95,66.24166667,153.4416667,170.075,157.1833333,191.475,303.45
10,128.8538462,167.7,866.2769231,692.6923077,66.01538462,153.8615385,169.9538462,151.3769231,189.1,299.9923077
11,128.0212766,166.9716312,874.3475177,723.3617021,65.5248227,154.248227,166.2978723,144.4893617,188.2056738,296.4893617
12,138.0810811,166.6418919,887.7364865,743.1891892,66.38513514,156.8986486,166.5337838,142.0472973,195.0202703,302.1689189
13,148.6392405,165.4367089,868.4050633,707.4620253,65.87341772,155.9556962,163.1392405,137.2468354,195.8924051,300.0696203
14,163.6886228,167.2335329,833.257485,667.4011976,65.60479042,156.4251497,160.1257485,133.1856287,195.5329341,301.8502994
15,174.9659091,169.8579545,793.0795455,644.2897727,65.13636364,157.7045455,156.2613636,130.5511364,194.4431818,305.8238636
16,188.6108108,171.7783784,779.1675676,653.372973,65.62162162,161.6648649,156.6216216,131.6108108,196.9621622,309.1675676
17,201.1897436,170.7282051,778.7179487,666.3692308,66.01025641,164.1948718,157.5692308,133.7794872,199.5282051,311.6564103
18,213.3830846,173.9402985,779.6666667,670.3333333,66.74129353,167.278607,161.3233831,135.9402985,205.318408,315.5074627
19,217.3658537,177.2243902,774.0243902,666.8097561,67.31707317,171.0829268,164.5853659,137.5219512,212.7170732,317.6097561
20,221.347619,174.3904762,769.6714286,663.7,67.54285714,176.4666667,164.3285714,138.2619048,219.447619,317.2619048
21,224.3534884,172.1255814,765.7674419,677.8883721,68.04186047,183.2093023,162.8976744,139.572093,226.5162791,320.0093023
22,223.7285068,171.8235294,742.8642534,703.9457014,68.05429864,187.6199095,160.520362,142.9004525,231.8506787,322.5294118
23,225.2227074,173.0087336,715.4716157,723.6200873,67.25764192,189.0349345,159.2838428,151.5938865,235.580786,321.8515284
24,230.8220339,177.7033898,705.5550847,737.7923729,67.08050847,190.6567797,160.5338983,165.7118644,240.4576271,322.0042373
25,239.6793249,184.7974684,727.257384,769.2067511,68.71308017,197.278481,165.4345992,186.4092827,250.2067511,333.2531646
26,239.1626016,188.1138211,722.7398374,759.3577236,68.66666667,197.2682927,165.5081301,191.0365854,250.7113821,334.3455285
27,238.4940239,189.5418327,707.6095618,755.2151394,69.05179283,198.5896414,164.8446215,190.5657371,250.2749004,333.0079681
28,243.1936759,190.6007905,687.5652174,764.2252964,69.58893281,201.5335968,164.1818182,186.5810277,250.8853755,327.7944664
29,250.3882353,192.4980392,667.8862745,773.2196078,69.95686275,205.8078431,164.4470588,183.4078431,251.2980392,320.0470588
30,256.1853282,194.5019305,650.1737452,767.6061776,69.81467181,212.0926641,165.3166023,182.3397683,250.2007722,311.6216216
31,260.4789272,197.256705,633.9463602,751.7164751,69.92720307,217.3295019,167.5938697,184.5862069,250.9386973,304.6130268
32,260.3079848,202.7604563,614.2965779,738.3003802,69.82889734,217.7794677,169.3498099,187.4220532,251.2091255,296.730038
33,250.8962963,204.0962963,586.7555556,736.7888889,68.90740741,214.3740741,167.8851852,187.0962963,246.9037037,286.7925926
34,244.6263736,202.8315018,561.4652015,748.03663,69.18382353,214.2307692,167.9742647,185.8424908,245.3736264,282.4981685
35,240.9891304,201.0942029,538.5326087,752.5217391,69.48188406,217.3297101,166.4891304,182.576087,246.5869565,279.7463768
36,235.4270463,196.7081851,519.5053381,749.8291815,69.70462633,221.4412811,165.1352313,176.8434164,249.7402135,276.2775801
37,235.8409894,192.6466431,502.7597173,751.3710247,69.7844523,225.024735,165.3250883,172.1342756,255.7420495,274.5936396
38,244.4982456,190.3719298,489.8491228,752.5578947,70.03157895,228.1368421,164.7859649,169.2210526,261.4666667,274.0140351
39,251.1551724,188.7275862,480.1896552,745.4827586,70.13103448,230.8758621,163.5310345,166.2275862,264.8,272.0103448
40,249.9010239,187.6484642,479.3617747,748.2150171,70.45733788,234.0170648,164.4641638,166.3686007,271.0887372,272.3686007
41,248.0673401,187.0774411,475.006734,762.4646465,70.54545455,236.6936027,165.6397306,166.986532,279.8855219,272.6329966
42,249.56,191.55,467.2866667,784.77,70.89333333,240.3233333,166.0433333,167.09,289.1833333,273.94
43,253.9900332,197.4551495,464.345515,797.0697674,70.99335548,244,165.4385382,168.3421927,297.358804,275.1461794
44,263.0822368,197.9013158,463.7631579,790.9703947,70.98026316,246.4046053,164.2368421,168.8684211,305.5197368,273.4868421
45,269.1856678,195.247557,463.2442997,783.1824104,71.37785016,249.6416938,163.990228,168.4560261,316.1433225,272.5602606
46,266.5566343,193.1165049,459.7540453,780.7346278,71.58252427,250.8867314,164.0711974,167.2200647,327.6148867,275.0841424
47,260.3054662,191,454.6752412,785.1897106,71.30546624,248.0064309,164.096463,165.2733119,335.9614148,277.7138264
48,259.0961538,195.2019231,455.0128205,801.5608974,71.81410256,245.8525641,166.0160256,164.0576923,346.275641,282.8589744
49,256.8566879,195.0859873,450.7738854,813.6815287,71.77070064,243.2101911,166.544586,161.2579618,355.5414013,287.1624204
50,254.352381,194.552381,442.6730159,824.615873,71.80952381,242.8857143,165.8571429,158.4095238,364.6984127,290.8380952
51,257.6426332,193.8808777,431.5329154,831.3605016,72.05956113,245.3479624,164.6363636,156.7554859,371.6739812,294.4890282
52,260.4330218,195.4423676,421.8068536,845.847352,72.37694704,249.0186916,164.3395639,158.5015576,376.576324,299.0747664
53,257.869969,199.3931889,411.3498452,864.6068111,72.1863354,248.1609907,162.8978328,161.3374613,377.8111455,299.3095975
54,255.904321,200.5339506,404.904321,889.632716,71.83641975,246.9320988,161.6111111,164.5555556,384.9969136,298.691358
55,258.0771605,200.308642,399.0123457,907.154321,71.88580247,247.6018519,160.5617284,165.1388889,394.654321,298.0401235
56,260.3846154,202.8492308,393.7015385,907.7230769,71.92307692,251.2307692,160.2215385,163.8338462,401.8461538,300.6369231
57,261.1779141,208.1533742,387.0398773,900.1349693,71.84969325,255.3312883,160.196319,163.4815951,406.4018405,304.1257669
58,258.3455657,208.0764526,378.0733945,889.911315,72.14417178,257.382263,159.8348624,164.7247706,414.2782875,307.8348624
59,256.054878,208.945122,365.1676829,878.9756098,72.18597561,258.7804878,159.2347561,165.5640244,424.4756098,311.2317073
60,242.1762918,210.4650456,350.0790274,872.9057751,72.29483283,261.3586626,158.6778116,165.4559271,432.4164134,316.1276596
61,238.1829268,211.902439,340.625,882.1829268,72.96036585,267.4939024,160.3841463,168.0640244,445.6158537,324.7804878
62,249.1702128,212.7173252,333.4528875,880.106383,72.88449848,270.768997,161.2006079,171.3586626,457.7264438,330.4620061
63,253.0906344,208.2688822,329.6978852,867.8731118,72.17522659,269.6223565,161.1812689,173.5135952,468.9516616,337.1057402
64,253.6888218,203.4773414,328.8429003,869.4622356,72.12688822,268.0725076,162.7915408,174.7794562,486.326284,350.5861027
65,251.4126506,200.5512048,326.1746988,877.126506,71.90060241,265.0150602,163.246988,173.3493976,500.1656627,364.1566265
66,253.2598187,199.0996979,328.9425982,888.5800604,72.20845921,263.7975831,163.8308157,172.4501511,513.7220544,378.9244713
67,258.2296073,198.0453172,332.6193353,889.0845921,72.12990937,261.734139,164.1722054,171.8882175,529.5135952,395.9667674
68,264.2439759,197.3373494,332.6174699,895.3072289,71.95481928,259.5120482,164.8915663,171.7560241,547.3674699,410.876506
69,271.4774775,193.1591592,330.0720721,905.6366366,71.72672673,260.3363363,165.4594595,171.6456456,564.8768769,424.957958
70,282.0750751,190.4714715,329.972973,915.4594595,71.91591592,263.9489489,165.3813814,172.2612613,577.3033033,438.8798799
71,293.1801802,185.4281437,331.2874251,913.0389222,72.3033033,265.8048048,165.5525526,173.9580838,585.4191617,456.6107784
72,300.739521,182.8982036,332.3922156,902.505988,72.18562874,264.757485,166.502994,176.3502994,594.1137725,479.0598802
73,311.2724551,181.5958084,332.505988,885.3053892,71.96396396,263.8622754,168.1377246,177.9131737,600.0329341,496.508982
74,319.2268657,177.3473054,334.7074627,878.1671642,72.10479042,264.6358209,169.9373134,180.8982036,609.0895522,512.5910448
75,316.8955224,175.9134328,334.8268657,884.8865672,72.35522388,269.0507463,171.5970149,182.9134328,620.361194,526.719403
76,310.875,175.2886905,332.4196429,889.389881,72.20238095,272.4464286,172.0386905,183.2113095,624.7767857,532.0059524
77,315.1313433,174.2,334.0895522,899.8537313,72.38208955,275.4656716,174.3432836,184.9641791,633.2776119,542.6567164
78,311.754491,177.4790419,334.1407186,916.3892216,72.8502994,277.7724551,175.5389222,188.0209581,642.7904192,556.9071856
79,305.2321429,178.4791667,330.9732143,927.0982143,72.71428571,279.3779762,173.5982143,190.0654762,645.0684524,567.110119
80,311.9285714,180.1279762,332.2797619,949.2202381,73.19047619,285.9553571,174.014881,192.9672619,650.3452381,582.3482143
81,318.0597015,181.1761194,330.9522388,977.9402985,73.47462687,294.7104478,175.2208955,194.9880597,656.9701493,594.2328358
82,325.7202381,181.6666667,329.235119,1001.604167,73.44047619,300.6875,175.5654762,198.4702381,661.1279762,600.2767857
83,344.452381,178.952381,332.5297619,1003.904762,73.28869048,301.2916667,175.235119,202.860119,662.3839286,607.625
84,357.3560831,176.6706231,337.4718101,995.6795252,73.27002967,295.1721068,174.388724,204.6142433,659.7329377,621.3323442
85,366.6508876,177.7840237,344,989.1568047,73.93786982,287.5443787,174.9349112,206.443787,656.5,639.1035503
86,370.1839763,178.0267062,346.4896142,977.7507418,74.45103858,283.6261128,175.3442136,211.6320475,654.9792285,654.2967359
87,378.735905,177.1513353,343.7774481,972.6587537,74.62017804,283.2551929,175.2195846,216.5875371,655.6231454,668.5519288
88,393.0946746,179.7840237,343.5857988,971.2485207,74.4112426,284.4112426,174.816568,217.1597633,657.5621302,681.5266272
89,404.1032448,179.9941003,346.0737463,976.8141593,74.07669617,286.1061947,174.5368732,214.2861357,660.0619469,692.8643068
90,425.0502959,182.1863905,348.8254438,998.3905325,74.23076923,290.7218935,176.1301775,214.5443787,665.6656805,709.7100592
91,440.0383481,183.1386431,344.3244838,1030.412979,74.08554572,294.3244838,176.7610619,214.8938053,664.0147493,719.6873156
92,444.4896755,185.879056,339.79941,1059.439528,74.48672566,297.5516224,177.2566372,214.7256637,663.4424779,730.3303835
93,450.0439883,185.0117302,336.8768328,1061.677419,74.53372434,295.5043988,176.7390029,215.5395894,659.9882698,738.8797654
94,461.1970588,184.4176471,342.6676471,1054.826471,74.86176471,294.1764706,179.4970588,219.2352941,664.5911765,756.9235294
95,458.9764706,183.7441176,347.45,1055.405882,74.49705882,292.7470588,181.0294118,220.7088235,666.8441176,767.5558824
96,451.4545455,183.6041056,350.0909091,1070.483871,73.97653959,293.026393,180.5395894,221.9794721,666.856305,768.3812317
97,444.7214076,186.3636364,353.4252199,1095.727273,74.21994135,296.4281525,180.8944282,226.3577713,671.4897361,770.0498534
98,445.6363636,190.3460411,350.5307918,1120.214076,74.62463343,299.4633431,180.3460411,230.7947214,676.313783,774.2991202
99,451.4398827,194.4252199,345.2346041,1124.404692,75.02932551,301.8064516,179.9677419,234.8240469,675.4721408,782.4926686
100,450.1964809,198.2580645,344.1671554,1113.530792,75.39296188,304.5249267,180.9765396,240.8387097,668.1319648,791.0146628
101,442.28739,200.2404692,343.6129032,1107.706745,75.69794721,308.2903226,182.4662757,247.2697947,659.0439883,795.4956012
102,431.0323529,202.5117647,344.0411765,1123.061765,75.81764706,311.7205882,183.0088235,252.9882353,653.4352941,797.5852941
103,417.3852941,206.0029412,344.2735294,1143.794118,75.64117647,311.7558824,182.8117647,257.5235294,651.3411765,799.8264706
104,410.4134897,202.601173,343.1466276,1154.527859,75.43695015,310.4134897,183.4457478,260.8328446,651.9853372,801.4076246
105,412.7038123,193.3489736,339.4398827,1157.8739,75.41348974,310.3108504,185.170088,263.6774194,651.8680352,801.3255132
106,418.771261,189.9208211,337.2170088,1156.407625,75.63929619,310.2052786,186.8152493,266.0821114,645.3695015,799.026393
107,422.6441176,193.0794118,338.3323529,1160.482353,75.94411765,310.0852941,187.4941176,267.9558824,636.7852941,795.4441176
108,421.3362573,198.4707602,337.5497076,1169.304094,76.0497076,304.7573099,187.0380117,268.002924,621.4035088,781.4210526
109,418.2186589,199.4169096,336.361516,1187.676385,76.60058309,298.5801749,187.7696793,269.5626822,607.8367347,772.787172
110,415.3877551,197.3760933,336.6588921,1201.725948,77.18367347,295.1895044,189.0962099,270.851312,596.7376093,769.8979592
111,418.0938416,194.9589443,339.6041056,1210.164223,77.771261,297.0762463,191.5571848,273.8973607,589.7507331,779.3079179
112,410.0994152,193.3830409,342.1081871,1194.546784,78.06725146,296.7631579,192.7251462,276.7777778,575.5263158,783.6988304
113,390.3982558,193.1046512,342.2790698,1165.229651,78.03488372,293.0174419,192.7645349,278.0755814,557.9825581,782.2209302
114,376.7063953,197.8168605,341.2877907,1146.206395,78.10465116,290.0465116,194.2790698,278.997093,545.7761628,782.0843023
115,367.7026239,195.5976676,338.845481,1135.247813,78.19825073,288.2099125,195.8658892,278.4897959,538.2507289,775.4169096
116,368.1020408,191.1720117,337.4723032,1122.145773,78.43148688,285.1282799,197.3469388,277.2827988,536.1749271,765.0932945
117,379.0697674,191.1976744,332.7063953,1105.546512,78.68313953,279.0203488,199.9447674,276.7122093,536.3255814,752.9709302
118,405.4680233,194.0436047,327.1017442,1110.575581,79.20348837,271.9505814,204.1773256,278.1395349,535.8284884,741.7383721
119,430.2869565,193.2782609,322.4811594,1136.994203,79.4115942,265.3594203,206.9275362,279.5072464,527.1101449,723.3014493
120,444.3536232,188.5391304,320.1101449,1178.689855,79.53333333,263.9246377,208.1884058,283.0376812,515.6724638,707.5536232
121,454.6831395,186.6744186,318.7296512,1218.860465,79.60465116,265.2151163,209.0232558,288.6744186,502.0436047,696.4389535
122,450.373913,186.5565217,314.515942,1238.150725,79.17971014,264.7507246,208.626087,292.1391304,486.373913,682.1478261
123,438.1705202,188.716763,311.4479769,1253.569364,79.48843931,264.3150289,209.2976879,295.7976879,474.0202312,670.4942197
124,435.4797688,186.2861272,309.2919075,1269.774566,79.81791908,263.0057803,210.6098266,300.5231214,465.1387283,663.5520231
125,427.6144928,187.1043478,309.6086957,1287.481159,79.86376812,260.8,211.2492754,307.0782609,460.9971014,662.4347826
126,423.6724638,191.5101449,311.1275362,1290.985507,79.48405797,257.4434783,210.6028986,312.9797101,456.9217391,659.6
127,429.7118156,191.5389049,314.3832853,1280.878963,78.96541787,252.5850144,209.8847262,317.2622478,449.2564841,653.443804
128,437.1959654,188.3573487,317.1988473,1281.040346,79.42363112,248.5706052,210.907781,322.9682997,444.4236311,652.4121037
129,437.167147,181.3804035,315.481268,1285.487032,79.80115274,246.2276657,212.1037464,327.3659942,442.351585,649.7896254
130,399.8847262,177.9221902,312.4121037,1297.005764,80.26878613,245.1416185,215.9219653,330.8179191,444.0201729,647.1498559
131,378.2651297,181.6023055,309.9308357,1311.610951,79.97118156,244.2334294,218.5043228,331.7752161,448.7319885,646.2247839
132,368.5028736,180.2758621,306.0373563,1317.261494,79.48275862,241.387931,220.5,333.5689655,449.408046,641.7385057
133,359.137931,177.7701149,304.3017241,1327.025862,80.04885057,238.6178161,224.3735632,340.2557471,445.1149425,638.0632184
134,348.9367816,176.4224138,302.4482759,1330.724138,80.37643678,235.795977,228.1724138,349.6896552,435.9856322,632.8017241
135,328.9885057,177.1551724,302.6149425,1332.258621,81.29885057,234.6896552,232.2155172,360.5028736,428.7701149,627.0028736
136,320.6408046,177.9597701,300.5862069,1337.899425,82.27298851,233.7442529,234.8132184,369.1522989,423.5057471,619.6091954
137,322.3237822,180.512894,294.0830946,1351.733524,83.14326648,232.9770774,234.3352436,375.7593123,417.2808023,612.3037249
138,325.6637931,182.4051724,290.2586207,1366.522989,84.47988506,232.9425287,236.0747126,385.5488506,411.9367816,608.795977
139,320.8933718,180.1008646,289.7838617,1362.319885,85.38040346,229.7060519,239.7348703,395.795389,404.7291066,600.8126801
140,312.2103746,177.7752161,289.9942363,1351.391931,85.61959654,223.0259366,243.3458213,406.5158501,396.5504323,590.3285303
141,307.0346821,176.632948,291.265896,1350.150289,86.26011561,217.1820809,248.2052023,419.1040462,391.6416185,586.8236994
142,307.7608069,174.2103746,290.4755043,1351.080692,86.45244957,211.9567723,252.8818444,429.259366,387.9279539,587.8443804
143,318.5231214,175.3410405,290.0751445,1373.127168,87.40462428,210.4566474,258.1473988,443.1156069,388.3872832,595.4942197
144,326.8179191,177.8034682,288.3901734,1398.965318,87.76878613,208.5693642,259.7080925,451.0404624,387.7196532,597.349711
145,336.8057971,176.4144928,289.1507246,1417.910145,88.89565217,208.9623188,261.3188406,454.7942029,388.4231884,597.8666667
146,341.1130435,172.715942,288.0202899,1419.614493,89.64057971,211.084058,260.9043478,453.0898551,387.1652174,597.1188406
147,349.0956522,173.1681159,284.742029,1416.362319,90.71511628,213.6202899,261.1130435,453.3971014,385.1971014,599.7072464
148,360.7652174,171.2202899,283.5507246,1412.855072,91.20869565,213.6985507,262.7971014,456.2666667,383.3333333,603.7014493
149,372.6976744,168.2296512,290.3953488,1402.511628,92.40816327,214.0116279,267.5755814,460.7412791,384.4738372,607.0959302
150,387.3177843,166.6326531,296.877551,1379.338192,92.88338192,214.7521866,272.1370262,461.0962099,386.606414,604.9912536
151,402.380814,167.3168605,294.4912791,1363.552326,93.34593023,211.7906977,273.1424419,458.0377907,386.502907,594.6889535
152,431.6871345,170.0614035,293.1549708,1378.362573,94.88304094,210.0467836,276.4824561,460.9239766,388.1988304,587.6023392
153,451.622807,170.3888889,291.0994152,1394.423977,95.63157895,209.2309942,278.6637427,463.6023392,385.5350877,577.7134503
154,465.9619883,170.6461988,290.7163743,1408.649123,96.38304094,211.4064327,281.0847953,465.9912281,383.254386,570.5994152
155,488.8269795,171.8826979,290.2463343,1420.941349,97.46627566,214.0293255,282.888563,464.9706745,383.4369501,565.8181818
156,511.5718475,171.0410557,288.2404692,1431.683284,98.39589443,214.5219941,282.2140762,459.0791789,383.5542522,560.398827
157,525.5441176,169.5382353,290.5088235,1444.476471,99.97058824,214.2205882,282.4558824,456.9735294,382.9705882,559.1911765
158,535.020649,169.3952802,294.8702065,1449.814159,102.2861357,214.179941,285.5958702,460.6961652,381.100295,558.2271386
159,539.6676471,168.8264706,296.0852941,1445.808824,104.0176471,212.9235294,287.3735294,464.1676471,377.8676471,549.8
160,550.6183432,169.9615385,301.4763314,1453.180473,107.7130178,213.9704142,290.9112426,474.6213018,379.5236686,546
161,563.7744807,169.4302671,304.7804154,1464.391691,111.7151335,214.1364985,293.074184,483.8575668,380.041543,541.504451
162,582.5816024,169.0593472,304.8694362,1492.632047,116.8813056,213.5637982,296.768546,489.8961424,379.8872404,539.1513353
163,598.75,170.6517857,305.514881,1514.958333,123.2053571,213.389881,303.0119048,494.6964286,382.0059524,542.5178571
164,599.6142433,171.5103858,306.4362018,1505.958457,128.3264095,211.5934718,307.1691395,495.9495549,382.8664688,545.1810089
165,602.8902077,171.4391691,310.2848665,1507.804154,132.9080119,210.1928783,311.6172107,498.2047478,385.7952522,551.4836795
166,613.9074627,170.8597015,313.7820896,1519.355224,137.6477612,210.2567164,316.7253731,501.3253731,387.5283582,563.6686567
167,632.9671642,168.7074627,313.6149254,1519.686567,142.1522388,210.1820896,321.1373134,503.4298507,385.1044776,570.6149254
168,664.8592814,167.6916168,316.5508982,1519.712575,147.8293413,211.2754491,326.6856287,509.005988,384.4131737,576.4251497
169,695.0149701,168.5508982,321.2095808,1507.532934,153.3473054,210.9071856,329.6616766,511.4730539,380.1586826,577.6796407
170,720.1467066,170.5898204,323.9491018,1495.802395,159.2065868,209.748503,332.7005988,512.3892216,377.0718563,575.6796407
171,745.5615616,171.6846847,326.0630631,1487.720721,166.9099099,210.021021,338.0870871,516.0540541,379.6576577,577.9249249
172,759.3693694,172.7657658,328.1141141,1458.234234,174.048048,210.5855856,339.975976,517.4084084,381.3963964,580.7147147
173,788.3213213,174.2642643,333.006006,1424.654655,181.4264264,212.2252252,341.009009,519.7627628,381.9129129,585.4684685
174,804.376506,173.3343373,337.0451807,1403.418675,189.5391566,214.3493976,342.7801205,525.9638554,382.1506024,591.0331325
175,790.0481928,173.1295181,336.4246988,1386.653614,198.0662651,215.1927711,344.2349398,535.1566265,382.8463855,594.2861446
176,788.3534743,175.5770393,337.6102719,1382.060423,210.4108761,217.8700906,349.4833837,548.8096677,387.6012085,601.8851964
177,800.4531722,176.858006,337.3202417,1374.283988,222.0060423,219.2205438,352.3806647,555.5800604,390.2567976,603.2990937
178,815.3090909,176.7424242,338.9545455,1374.172727,235.7666667,218.9909091,354.7,561.0666667,393.5878788,599.7939394
179,823.9573171,174.9146341,342.3719512,1383.582317,252.0884146,218.0060976,357.847561,568.4664634,396.7926829,594.7134146
180,826.1646341,173.0579268,342.5945122,1396.27439,266.7164634,215.5579268,357.902439,572.9207317,398.6097561,583.3140244
181,813.277439,173.1158537,344.4847561,1420.228659,281.5030488,214.2439024,358.8384146,582.4268293,404.3536585,572.0914634
182,801.0945122,175.179878,345.7804878,1425.29878,293.4329268,213.527439,360.2408537,592.9359756,411.2042683,561.1310976
183,801.1341463,175.429878,345.2652439,1408.292683,304.5426829,213.125,361.0731707,599.1341463,415.7256098,551.4176829
184,818.803681,171.9601227,347.0736196,1404.871166,318.4969325,214.1257669,362.0705521,605.0214724,421.8067485,548.0613497
185,831.6391437,172.116208,347.2721713,1399.868502,329.5015291,213.6819572,360.1039755,604.2079511,426.3486239,541.3455657
186,827.6838906,172.9300912,346.4224924,1381.711246,337.7082067,212.1732523,359.7933131,601.6595745,431.3799392,530.2674772
187,820.9636364,172.3060606,345.4060606,1360.406061,348.3484848,211.1787879,364.9939394,605.9424242,438.569697,518.4515152
188,814.7734139,168.755287,343.1178248,1343.26284,358.5861027,209.1691843,371.3927492,612.347432,447.7522659,505.3897281
189,816.0873494,165.8162651,341.9427711,1330.481928,371.939759,206.1415663,376.9427711,617.1144578,461.1536145,494.7560241
190,814.686747,167.4668675,342.7198795,1324.46988,388.4006024,203.7951807,380.0692771,619.496988,477.4668675,488.5451807
191,833.753012,170.8042169,345.0722892,1333.072289,406.2228916,201.876506,382.0813253,620.5210843,494.5150602,484.5692771
192,839.5465465,174.3003003,347.4174174,1354.636637,423.048048,199.0780781,385.1801802,624.6846847,510.993994,482.4024024
193,836.7147147,173.8348348,348.3483483,1374.870871,433.7807808,196.2792793,388.4144144,636.8438438,525.8588589,482.039039
194,840.5329341,172.2994012,348.3502994,1374.39521,443.260479,193.9281437,390.2724551,650.1437126,538.4281437,479.9041916
195,849.6586826,175.1766467,350.5209581,1360.146707,456.1706587,191.7664671,394,665.0239521,553.2275449,477.245509
196,846.2865672,173.5343284,351.8656716,1340.779104,465.2447761,187.6597015,397.1731343,675.7492537,564.4686567,472.2358209
197,848.0358209,172.7970149,354.3462687,1340.764179,473.5373134,183.3850746,400.6507463,685.519403,575.9223881,468.2776119
198,846.5940299,173.5820896,358.9462687,1356.650746,485.2626866,180.7641791,402.6358209,693.5313433,590.7343284,464.9910448
199,825.4047619,171.1755952,357.6547619,1355.6875,496.8363095,178.8958333,400.4940476,697.3154762,605.2619048,459.610119
200,803.7410714,170.5654762,355.172619,1339.991071,510.8809524,177.4791667,400.0803571,703.8928571,622.4583333,456.9404762
201,796.0267857,170.0386905,354.6964286,1318.96131,522.0029762,175.6130952,401.5208333,712.4613095,642.3779762,455.3630952
202,794.6815476,169.202381,357.514881,1304.190476,530.4553571,174.3303571,403.2559524,721.4613095,666.577381,454.172619
203,791.9255952,171.577381,358.235119,1301,542.1279762,173.4970238,405.1607143,730.0982143,693.0119048,453.077381
204,788.2380952,172.3452381,356.1994048,1298.511905,551.889881,171.1577381,406.8303571,735.8541667,714.3928571,448.5922619
205,780.319403,171.7253731,357.6865672,1293.465672,563.7104478,169.1791045,411.8328358,742.4,735.761194,445.1970149
206,763.7784431,170.2694611,358.7964072,1276.191617,578.0628743,167.8742515,417.1556886,750.5269461,758.2934132,443.011976
207,750.8802395,166.8143713,356.6377246,1250.916168,594.4281437,167.4341317,421.2215569,759.0269461,782.8203593,442.9191617
208,743.2746269,166.7343284,351.2955224,1235.907463,608.7940299,167.3074627,423.880597,765.2746269,806.758209,445.0268657
209,733.7874251,168.9491018,351.748503,1236.610778,624.1197605,168.1497006,428.1826347,771.8562874,837.1137725,452.3712575
210,718.508982,168.9041916,351.7664671,1228.679641,639.497006,167.5,430.4790419,772.245509,868.2215569,460.5988024
211,696.9550898,167.6856287,348.4161677,1221.673653,656.2365269,167.1347305,431.4041916,773.245509,900.9640719,470.739521
212,683.1047904,166.497006,344.0718563,1216.745509,667.3892216,167.4041916,430.9850299,778.3682635,932.1766467,480.4161677
213,667.8173653,166.8592814,342.5269461,1205.625749,670.7634731,167.1137725,431.0598802,788.254491,959.505988,487.7245509
214,655.7245509,166.8023952,343.1317365,1188.634731,670.4700599,165.8952096,432.9041916,799.9371257,982.9341317,493.6107784
215,651.3123123,166.4954955,342.3003003,1180.651652,672.5735736,165.2732733,435.960961,811.6846847,1002.327327,501.960961
216,636.8263473,165.3922156,339.8413174,1169.694611,673,164.0778443,437.3682635,819.6946108,1011.407186,511.4520958
217,628.8323353,165.1676647,339.0538922,1160.628743,678.4131737,163.6976048,443.1317365,833.5329341,1019.847305,525.1646707
218,628.2942943,166.03003,339.2702703,1151.021021,688.4594595,165.0750751,451.5765766,849.993994,1025.570571,542.1861862
219,624.9006024,167.313253,341.1325301,1143.391566,699.8012048,167.2981928,458.6355422,863.1355422,1027.834337,563.3222892
220,620.4024024,166.8168168,342.1381381,1130.045045,708.1711712,167.6006006,459.7357357,865.9489489,1025.687688,584.1891892
221,621.2402402,165.8468468,342.993994,1117.153153,718.2492492,168.0870871,458.8468468,869.2462462,1030.153153,607.6846847
222,621.1321321,164.2942943,342.3033033,1106.96997,727.4834835,169.2582583,457.9279279,879.1681682,1033.855856,631.009009
223,621.4204204,161.5525526,341.4954955,1103.552553,736.6696697,170.9489489,460.5855856,895.4384384,1036.474474,655.1231231
224,629.0778443,156.7185629,339.9461078,1094.449102,743.9850299,172.4011976,463.4550898,904.5568862,1035.607784,677.8203593
225,647.1801802,153.009009,339.6276276,1084.840841,754.6876877,174.1381381,469.6216216,914.5825826,1039.963964,705.6156156
226,657.1415663,151.4698795,338.3945783,1075.126506,761.439759,175.3915663,476.6656627,922.8162651,1045.28012,734.9728916
227,654.9071856,149.7155689,334.9041916,1057.982036,760.494012,174.2814371,478.4550898,918.7185629,1042.350299,758.4431138
228,660.7327327,148.6366366,334.1167665,1045.056886,765.6006006,175.2522523,480.1556886,914.8562874,1046.892216,782.3892216
229,666.7439759,149.8644578,337.1746988,1035.942771,768.0963855,177.9939759,484.7771084,915.2228916,1056.321321,805.990991
230,683.7228916,151.7078313,337.9006024,1014.063253,764.6174699,178.2319277,485.8253012,909.3463855,1061.144578,828.9216867
231,705.3584337,152.4036145,339.0210843,990.2590361,767.4277108,177.5,487.9277108,909.9608434,1060.057229,855.1144578
232,730.4410876,153.326284,340.6706949,973.7220544,776.3323263,177.2598187,492.9879154,918.0966767,1052.773414,886.3957704
233,743.347432,153.9305136,340.7099698,961.8761329,785.6918429,176.8036254,499.4833837,927.0906344,1037.679758,916.1450151
234,746.2078313,153.9457831,339.7138554,949.3313253,792.2108434,176.3072289,505.8283133,935.9668675,1025.340361,945.4096386
235,748.7945619,154.6888218,341.9728097,944.7220544,800.8731118,176.9365559,513.5740181,951.6858006,1024.480363,986.592145
236,757.4108761,156.3776435,343.3564955,940.9093656,806.9969789,176.5589124,520.7794562,962.3595166,1016.619335,1028.283988
237,768.1752266,157.1933535,345.2900302,936.9365559,812.4229607,175.7824773,529.5498489,968.5407855,1000.323263,1067.401813
238,778.7560241,156.5572289,347.4698795,925.1445783,811.9216867,174.9186747,536.0060241,967.7921687,976.9879518,1101.939759
239,781.0960961,157.5195195,349.4504505,911.0570571,812.0660661,174.1171171,542.024024,968.8948949,956.4264264,1136.264264
240,774.2522523,157.3993994,350.012012,899.3573574,818.5765766,173.5705706,550.2702703,973.6246246,939.6756757,1170.513514
241,757.6426426,158.2792793,349.1051051,885.7927928,827.1411411,172.7357357,559.048048,978,922.9459459,1202.648649
242,740.1077844,157.3982036,348.4311377,867.251497,829.2994012,172.3862275,567.3562874,981.7215569,906.0149701,1232.676647
243,732.8173653,155.5389222,347.8772455,856.4371257,830.3293413,173.1347305,575.1886228,994.6706587,894.2245509,1267.269461
244,718.5209581,156.9730539,344.9011976,852.9461078,831.3742515,173.2934132,581.2275449,1015.610778,883.9071856,1301.008982
245,688.8143713,158.011976,342.1497006,850.9041916,832.5868263,171.260479,590.0988024,1039.056886,872.8742515,1331.146707
246,650.5357143,158.1994048,339.2857143,846.8482143,829.3184524,168.4136905,603.5982143,1052.33631,855.7559524,1346.869048
247,614.0029762,158.4761905,337.1785714,841.125,833.389881,167.5178571,623.9077381,1070.366071,840.2470238,1361.014881
248,603.6458333,159.9821429,335.5386905,824.6577381,839.2886905,166.6220238,643.639881,1088.720238,821.8303571,1368.017857
249,590.8219585,159.3649852,334.6765579,800.1335312,844.0237389,165.6646884,657.735905,1098,797.8338279,1364.928783
250,581.1246291,158.3353116,334.3145401,782.3234421,849.4391691,165.4896142,669.388724,1101.172107,772.9554896,1363.869436
251,584.0830861,159.5103858,333.3709199,772.2818991,854.421365,165.9139466,677.0207715,1101.008902,751.652819,1369.462908
252,575.2433234,159.768546,331.7091988,764.0207715,862.6290801,166.9970326,686.7299703,1102.973294,738.0652819,1381.694362
253,556.9970501,159.5427729,330.0442478,751.0383481,866.0648968,167.3362832,694.4631268,1102.914454,727.6902655,1385.324484
254,528.879056,161.9321534,329.6725664,742.0825959,869.7315634,167.359882,704.9823009,1108.017699,725.8672566,1396.20354
255,511.2713864,162.7551622,328.7463127,739.6430678,871.9380531,166.9351032,713.3539823,1114.734513,723.2625369,1411.575221
256,493.2418879,162.5250737,327.5545723,741.7286136,875.5368732,166.3746313,718.6548673,1124.719764,715.9321534,1426.79646
257,485.2823529,163.8088235,324.1764706,738.6529412,875.4676471,165.7617647,720.95,1132.120588,701.1205882,1430.676471
258,481.9764706,165.3088235,322.7117647,728.1558824,875.4088235,165.8911765,725.85,1146.297059,683.5117647,1433.841176
259,476.1470588,164.9411765,323.9735294,709.1617647,872.3029412,165.6764706,729.7882353,1162.520588,665.8558824,1441.320588
260,467.6754386,165.7397661,325.0292398,692.119883,863.7309942,165.5204678,729.5204678,1167.599415,649.0701754,1447.380117
261,457.9269006,167.0263158,326.3567251,680.0087719,863.6169591,167.0321637,737.6111111,1173.546784,639.4064327,1460.950292
262,437.755102,167.4285714,326.3848397,668.6180758,871.5175439,168.1461988,752.0991254,1179.125364,631.5801749,1466.48688
263,418.6122449,168.4081633,326.154519,662.4927114,880.2769679,168.5860058,771.5947522,1195.874636,628.1836735,1470.985423
264,394.9271137,167.0174927,324.7580175,664.2973761,887.3994169,169.8921283,786.3061224,1213.341108,623.4781341,1468.41691
265,380.2303207,167.0291545,322.6734694,667.4052478,890.9037901,170.8425656,797.0553936,1226.005831,614.4752187,1459.373178
266,361.9709302,166.5203488,319.005814,660.2666667,894.3895349,170.8895349,805.4098837,1231.735465,599.8372093,1444.430233
267,345.2608696,167.4173913,316.2347826,654.9043478,903.9797101,172.0550725,813.6347826,1236.973913,583.5971014,1432.330435
268,328.6289855,168.2985507,315.8521739,647.7565217,917.942029,174.8666667,823.6202899,1247.481159,569.4956522,1425.072464
269,317.6666667,167.7391304,317.7391304,638.3101449,928.3391304,177.3188406,834.2347826,1258.472464,558.9333333,1417.863768
270,307.0985507,166.5855072,317.6927536,642.4463768,935.9101449,178.0898551,841.2550725,1264.394203,549.2898551,1409.089855
271,293.234104,165.5924855,316.7543353,652.9653179,942.3612717,176.1936416,840.199422,1261.482659,537.9595376,1395.676301
272,281.6705202,166.0693642,318.6069364,648.982659,953.0202312,173.5722543,840.3208092,1258.534682,529.7890173,1387.401734
273,270.7262248,165.0259366,323.0201729,636.832853,960.1412104,170.167147,843.7665706,1251.887608,521.9337176,1377.651297
274,264.2132565,163.7262248,327.5100865,631.6023055,968.9193084,167.7002882,856.1757925,1256.351585,515.7867435,1375.054755
275,256.612069,162.5977011,329.0114943,621.0229885,973.7988506,165.5229885,865.7672414,1264.767241,507.7643678,1364.83908
276,245.3649425,161.7385057,331.7931034,606.4396552,979.2643678,165.0689655,873.8448276,1278.988506,500.8649425,1351.945402
277,235.9597701,160.5488506,332.9655172,594.9827586,981.9511494,165.7471264,881.6293103,1293.850575,491.637931,1335.25
278,226.7413793,159.8936782,335.795977,584.1666667,980.3764368,166.7816092,894.4856322,1309.166667,482.4568966,1313.232759
279,218.9885057,159.6264368,337.9856322,566.5833333,972.6063218,167.1264368,906.7787356,1319.531609,470.7126437,1287.801724
280,219.7291066,158.6340058,343.6340058,553.0691643,974.1181556,168.7089337,922.8414986,1334.331412,461.8587896,1276.720461
281,222.8103448,158.3764368,348.1178161,540.862069,977.1609195,169.8965517,931.887931,1342.893678,451.4856322,1256.821839
282,227.1522989,159.6091954,352.2902299,534.5977011,986.8045977,172.4885057,940.8534483,1354.867816,441.841954,1236.692529
283,230.6091954,160.0201149,353.6724138,538.0775862,995.0862069,175.2097701,947.5028736,1362.62931,430.8247126,1217.428161
284,234.433908,160.0977011,356.2729885,550.2068966,998.6293103,177.1293103,952.8764368,1368.847701,422.0862069,1205.206897
285,234.1436782,159.5517241,362.7614943,561.9195402,995.9137931,177.7212644,960.8017241,1376.166667,416.7385057,1198.014368
286,231.6063218,158.2442529,371.6149425,573.3103448,991.8132184,177.1637931,971.9051724,1383.704023,412.7528736,1193.537356
287,233.3333333,157.6034483,379.5344828,578.5488506,991.4655172,176.7471264,981.3390805,1393.181034,408.3706897,1191.12931
288,241.2442529,157.2471264,384.1005747,571.3362069,993.8678161,177.4511494,986.4109195,1404.235632,402.6724138,1184.008621
289,251.713467,155.2578797,386.1690544,551.4240688,995.0200573,177.7994269,986.9799427,1410.363897,395.9684814,1166.816619
290,257.3037249,156.243553,390.2406877,531.7020057,1000.04298,178.3209169,998.7277937,1418.028653,393.5616046,1155.974212
291,256.773639,157.1346705,393.3982808,517.0802292,1002.432665,179.6418338,1018.776504,1421.767908,391.0028653,1148.303725
292,254.6561605,157.2320917,394.9111748,510.9598854,1001.925501,182.0916905,1037.243553,1425.34957,385.6189112,1133.573066
293,258.2492837,157.0315186,397.4154728,512.1833811,1001.386819,184.2836676,1050.979943,1438.372493,380.2120344,1107.223496
294,263.5587393,157.4756447,403.5272206,516.0487106,1001.673352,185.7421203,1061.616046,1456.464183,377.4899713,1076.756447
295,272.4597701,159.7844828,410.6982759,523.5086207,1006.477011,187.6724138,1075.75,1486.818966,377.887931,1056.795977
296,281.1954023,161.137931,414.1637931,528.887931,1007.183908,188.8218391,1092.068966,1519.885057,376.0632184,1042.612069
297,291.7936963,159.6848138,417.5157593,527.7421203,1003.401146,188.9369628,1102.767908,1542.458453,372.3553009,1027.13467
298,303.8309456,157.8939828,428.0802292,525.7707736,1006.17192,189.991404,1108.82808,1560.146132,372.1289398,1017.587393
299,314.974212,157.9971347,440.1977077,522.7535817,1011.679083,191.1461318,1109.69914,1565.730659,370.9025788,1011.518625
300,322.5873926,157.5587393,449.1891117,518.2836676,1016.26,192.7507163,1108.708571,1558.408571,367.8485714,1003.554286
301,325.0628571,159.42,454.8257143,511.8057143,1023.951429,194.2085714,1114.317143,1551.888571,367.3228571,993.3885714
302,324.8968481,159.7363897,462.7793696,506.9512894,1028.409742,196.7335244,1126.191977,1553.2149,367.0716332,979.7421203
303,327.7421203,160.1489971,471.5816619,498.9799427,1025.627507,198.260745,1136.876791,1555.297994,364.1633238,961.965616
304,339.2171429,161.0514286,482.56,490.0628571,1020.211429,198.5285714,1139.16,1558.348571,360.4828571,943.2028571
305,352.997151,160.1566952,494.022792,481.2393162,1015.099715,199.4216524,1139.145299,1564.131054,358.6552707,925.1566952
306,363.1571429,162.7857143,507.42,476.7971429,1018.634286,201.0485714,1142.26,1579.465714,360.4314286,912.6657143
307,370.2550143,164.3553009,516.0685714,471.5571429,1018.431429,201.5186246,1134.417143,1589.294286,358.92,894.0342857
308,384.7363897,168.3810888,526.6618911,470.6962751,1025.641834,201.7191977,1137.805158,1609.286533,358.5530086,883.7851003
309,396.1461318,169.1977077,540.1833811,473.8166189,1028.203438,201.8538682,1141.04298,1619.538682,358.3295129,871.8624642
310,406.7421203,170.5558739,557.9369628,480.8481375,1024.667622,202.2722063,1147.498567,1627.621777,357.3065903,858.9025788
311,414.7507163,170.6934097,576.8968481,484.982808,1019.358166,203.9426934,1161.289398,1639.991404,353.495702,848.0114613
312,431.2750716,172.6303725,593.1977077,485.9627507,1019.34957,205.7765043,1179.558739,1653.853868,350.0916905,837.8080229
313,453.3019943,172.1823362,602.042735,488.0541311,1016.441595,205.7834758,1189.213675,1657.880342,347.7521368,822.7806268
314,477.974359,171.4330484,615.4729345,493.2165242,1018.538462,206.0940171,1201.598291,1676.880342,348.9202279,808.2535613
315,497.5342857,170.58,631.6971429,487.6571429,1017.94,206.9885714,1207.517143,1699.56,348.7,784.4857143
316,504.5742857,171.8942857,650.8885714,477.7742857,1016.511429,210.8914286,1210.857143,1717.428571,348.8942857,760.0257143
317,512.4371429,173.4285714,671.0142857,471.24,1018.265714,215.5657143,1209.811429,1722.274286,349.4628571,742.8514286
318,514.38,172.9828571,689.8771429,466.3742857,1022.248571,218.2857143,1207.131429,1716.088571,349.9542857,731.4714286
319,525.3428571,170.6257143,707.2514286,466.4428571,1025.22,218.4228571,1207.002857,1710.348571,351.3628571,724.56
320,539.7228571,170.7828571,722.7142857,473.0685714,1029.214286,218.8171429,1211.645714,1707.962857,353.1628571,721.3285714
321,550.1054131,170.9373219,732.3817664,478.0740741,1029.683761,219.4786325,1219.025641,1700.42735,353.6809117,716.1766382
322,569.3019943,171.5783476,740.6723647,482.4472934,1031.575499,220.9487179,1232.541311,1696.760684,354.2706553,710.4615385
323,590.04,172.6828571,749.2285714,487.5885714,1028.925714,222.4714286,1240.088571,1688.874286,353.68,703.0428571
324,613.8142857,172.9657143,759.0657143,494.9571429,1026.034286,223.8057143,1238.611429,1673.054286,355.2228571,697.7657143
325,619.06,174.4542857,768.6685714,502.46,1025.048571,225.26,1229.745714,1657.962857,358.7,694.6171429
326,609.6371429,172.0714286,779.72,508.5371429,1021.102857,226.0428571,1218.448571,1659.565714,362.9857143,690.4771429
327,607.4571429,171.98,791.2514286,514.0257143,1012.525714,227.7742857,1209.794286,1680.745714,368.2828571,684.1428571
328,614.3846154,173.4045584,801.7122507,520.1623932,1001.25641,230.9430199,1205.002849,1698.421652,374.1566952,675.7549858
329,635.2450142,174.7977208,817.9202279,522.1282051,993.8262108,236.957265,1210.088319,1711.504274,382.7578348,670.3048433
330,651.7891738,175.2877493,839.1509972,513.9373219,990.4985755,242.6524217,1212.071225,1716.592593,391.1937322,664.2507123
331,655.9914286,175.5857143,864.7428571,508.38,991.38,248.8542857,1212.285714,1719.562857,400.7657143,657.4485714
332,658.8428571,175.2371429,885.1114286,509.0914286,992.8457143,255.3714286,1214.122857,1720.76,411.5285714,647.5828571
333,668.0371429,175.8742857,898.4085714,511.2885714,993.9571429,261.1542857,1217.842857,1719.74,423.4885714,634.38
334,677.3485714,175.8657143,908.9457143,512.7514286,993.7285714,266.7657143,1219.04,1711.894286,436.6285714,619.5828571
335,689.2364672,173.9230769,916.2364672,506.2108262,989.4045584,271.974359,1209.589744,1689.270655,448.9259259,602.5498575
336,696.4843305,174.1823362,925.2507123,494.8945869,988.0712251,275.7150997,1197.521368,1667.304843,460.9316239,589.6866097
337,705.5185185,174.4273504,931.4843305,481.4074074,984.4216524,275.982906,1185.002849,1650.632479,470.4444444,581.8262108
338,718.8290598,173.960114,938.977208,467.0740741,979.0541311,276.9002849,1178.407407,1644.301994,478.2962963,578.2564103
339,723.7521368,173.5498575,949.0854701,453.9059829,970.3390313,279.5754986,1174.757835,1645.621083,486.2507123,575.9202279
340,725.5128205,174.2171429,963.3504274,446.6923077,961.2962963,284.0712251,1175.623932,1652.512821,499.6809117,574.6182336
341,737.1054131,173.9373219,971.8689459,441.7663818,950.3874644,290.974359,1174.304843,1654.811966,516.1737892,570.991453
342,745.1221591,174.0056818,978.4857955,431.7073864,940.0170455,300.4659091,1171.582386,1654.21875,530.9971591,564.2045455
343,744.7130682,173.0738636,1000.8125,422.1448864,934.2130682,311.4857955,1173.380682,1658.897727,545.34375,557.1647727
344,744.4985755,172.1168091,1028.017094,419.034188,931.4330484,321.4017094,1179.008547,1665.871795,560.8148148,552.0854701
345,741.5897436,172.8803419,1040.504274,420.2051282,928.4273504,327.4757835,1184.378917,1668.162393,574.3504274,548.3418803
346,748.8746439,174.3133903,1047.997151,419.6096866,926.4814815,332.4131054,1192.290598,1669.464387,587.9002849,545.2792023
347,762.6039886,174.5754986,1056.447293,410.2022792,922.962963,336.8461538,1195.894587,1669.891738,601.9316239,538.7065527
348,782.8119658,174.6210826,1069.350427,400.7920228,921.1652422,341.988604,1203.08547,1685.091168,618.9316239,531.2450142
349,805.1937322,174.8632479,1085.623932,395.0626781,913.3447293,347.960114,1213.51567,1712.609687,638.997151,524.1310541
350,822.5527066,176.3048433,1104.811966,389.9116809,899.8717949,356.9173789,1225.418803,1735.646724,663.6296296,519.0512821
351,832.8831909,177.0712251,1125.549858,387.3219373,884.8831909,368.5156695,1232.059829,1740.05698,690.9031339,514.3960114
352,834.6039886,178.1452991,1142.207977,385.957265,872.6495726,380.7891738,1230.230769,1738.45584,720.5413105,509.2450142
353,842.2507123,180.6695157,1151.461538,381.7179487,867.5555556,392.5299145,1221.729345,1741.401709,750.5811966,504.1025641
354,846.8721591,180.9545455,1152.897727,374.125,864.3778409,404.4488636,1209.735795,1743.519886,777.9289773,497.2386364
355,832.2478632,181.1339031,1158.136752,370.3960114,866.988604,418.3019943,1205.618234,1745.603989,807.6638177,493.1908832
356,816.5114286,182.7971429,1167.751429,374.1257143,873.7257143,430.5742857,1207.654286,1746.005714,835.1828571,492.1142857
357,806.22,183.6285714,1170.871429,379.0314286,873.7228571,438.2571429,1209.805714,1738.711429,851.9314286,489.92
358,805.1260745,181.2206304,1172.169054,380.4068768,869.8595989,446.2979943,1221.770774,1735.793696,862.2005731,491.1002865
359,807.3295129,180.1461318,1171.031519,376.8022923,862.5272206,454.5702006,1231.103152,1733.045845,870.8395415,492.1432665
360,801.0085714,179.4485714,1178.445714,371.7428571,856.3828571,464.1371429,1236.234286,1731.18,881.8742857,492.5228571
361,801,178.8942857,1200.005714,368.9257143,856.8971429,475.7571429,1247.674286,1744.817143,896.6657143,494.5
362,807.7942857,178.6942857,1217.405714,370.2771429,855.3028571,486.9742857,1257.348571,1764.26,914.3914286,498.3142857
363,822.6332378,177.0544413,1232.598854,377.530086,851.5530086,496.4584527,1260.616046,1781.641834,941.1318052,505.4670487
364,829.5472779,175.3524355,1246.169054,385.0143266,848.3753582,504.6504298,1256.472779,1791.209169,960.1833811,511.9713467
365,828.3295129,174.4183381,1245.527221,384.9140401,845.9455587,512.4555874,1240.275072,1794.338109,969.2550143,514.0315186
366,821.6074499,172.9340974,1236.206304,376.974212,843.3724928,519.1604585,1216.544413,1794.30659,978.9684814,516.3495702
367,828.9799427,175.4842407,1236.899713,369.495702,842.0659026,525.7191977,1198.934097,1794.028653,998.3266476,520.9140401
368,844.7707736,177.0974212,1239.934097,364.3896848,842.4527221,532.7449857,1190.856734,1792.404011,1018.014327,524.234957
369,852.0172414,177.0632184,1240.488506,364.6436782,848.3908046,544.6235632,1195.264368,1797.068966,1035.925287,527.1350575
370,859.8534483,175.5574713,1242.25,365.1982759,852.4396552,556.9971264,1199.637931,1794.899425,1046.333333,528.6781609
371,867.1959654,175.6512968,1257.158501,365.8501441,857.0461095,570.1757925,1203.867435,1790.951009,1055.711816,533.3544669
372,866.1412104,174.945245,1273.536023,357.9106628,859.0461095,583.7809798,1206.305476,1790.429395,1063.95389,540.0806916
373,854.5402299,173.6925287,1275.87069,346.2356322,853.0488506,596.5344828,1200.942529,1792.235632,1065.057471,546.1896552
374,857.9337176,172.0576369,1273.720461,348.4121037,848.1037464,609.9308357,1199.685879,1811.59366,1068.573487,557.3400576
375,856.6397695,170.4293948,1265.850144,361.6599424,840.5648415,612.9827089,1196.648415,1827.383285,1068.126801,567.815562
376,862.5072046,170.6455331,1273.919308,379.6311239,832.5619597,605.70317,1193.322767,1837.602305,1068.763689,576.6195965
377,870.1494253,169.204023,1294.632184,389.5775862,820.7413793,594.7212644,1185.948276,1838.189655,1070.201149,581.658046
378,872.2844828,170.9137931,1320.974138,388.7787356,810.0977011,592.6695402,1184.594828,1842.856322,1078.853448,588.091954
379,861.5718391,172.0287356,1340.140805,380.4770115,801.9252874,598.3764368,1186.551724,1848.043103,1094.074713,596.9770115
380,864.5272206,169.5702006,1346.979943,372.6275072,795.6446991,604.2664756,1187.673352,1843.916905,1106.057307,606.6418338
381,867.4971264,166.6666667,1360.793103,372.4281609,793.7413793,611.1178161,1191.091954,1840.982759,1112.16092,617.7758621
382,868.7826087,168.7246377,1390.15942,378.5275362,798.6144928,624.0289855,1199.930435,1849.8,1120.971014,630.7391304
383,855.1826087,170.8782609,1412.286957,375.3246377,796.6753623,631.8637681,1197.823188,1847.513043,1119.350725,637.0811594
384,851.7478261,170.8608696,1434.150725,365.1652174,792.0115942,634.3652174,1192.733333,1853.75942,1115.773913,642.6869565
385,846.057971,170.1449275,1450.53913,355.6231884,786.6231884,631.3304348,1185.808696,1862.64058,1113.843478,648.4956522
386,831.2023121,170.3641618,1445.424855,344.3034682,780.6965318,624.7254335,1178.872832,1863.098266,1108.563584,653.0086705
387,820.1676301,170.9739884,1439.598266,335.4682081,777.5231214,621.0895954,1181.748555,1868.15896,1101.557803,659.9421965
388,799.8410405,169.8786127,1440.127168,332.8468208,773.5028902,619.6763006,1189.268786,1872.624277,1092.306358,667.3930636
389,788.8699422,167.1734104,1451.514451,333.9710983,767.9971098,619.8381503,1192.49422,1874.315029,1086.202312,674.9046243
390,798.2267442,166.3226744,1477.854651,337.1540698,765.244186,625.8197674,1194.947674,1884.755814,1096.543605,688.7325581
391,794.3866279,166.3633721,1488.008721,338.5610465,757.5813953,631.3459302,1188.343023,1887.453488,1110.116279,702.5319767
392,782.3206997,165.8221574,1489.236152,343.1370262,751.5830904,639.1253644,1185.897959,1893.172012,1126.19242,721.0612245
393,765.1516035,166.3411079,1492.029155,349.0670554,746.7084548,646.5568513,1186.685131,1899.253644,1140.075802,743.4985423
394,747.4314869,165.8804665,1506.787172,351.6734694,741.2769679,650.9591837,1188.35277,1909.405248,1150.897959,768.6326531
395,741.7725948,164.7230321,1521.784257,351.5364431,735.0612245,653.5568513,1187.568513,1920.483965,1159.078717,793.3644315
396,736.2099125,165.5072886,1528.985423,350.9941691,730.4285714,659.3206997,1181.504373,1930.784257,1165.271137,813.845481
397,729.4619883,166.2953216,1538.804094,345.6842105,727.9005848,668.9327485,1175.692982,1946.400585,1170.336257,829.9064327
398,726.8416422,166.6510264,1546.375367,335.2228739,725.2609971,677.9677419,1175.366569,1962.457478,1171.841642,841.5953079
399,729.2140762,168.627566,1547.117302,329.398827,723.3548387,685.6363636,1179.1261,1974.759531,1170.475073,850.143695
400,734.9152047,169.0643275,1547.976608,332.6900585,723.3479532,693.6403509,1178.669591,1974.040936,1167.929825,857.3362573
401,744.7390029,168.1788856,1565.994135,338.2580645,729.5366569,706.3607038,1186.387097,1977.258065,1176.302053,874.6539589
402,741.5483871,166.9560117,1573.387097,335.8005865,731.0322581,713.0058651,1189.527859,1975.483871,1181.181818,893.2404692
403,745.75,167.6794118,1581.182353,330.9882353,729.4147059,719.2705882,1186.364706,1985.676471,1186.776471,914.8147059
404,753.1681416,169.0176991,1595.377581,329.9292035,723.7817109,729.439528,1174.359882,2009.076696,1193.495575,936.1150442
405,750.4100295,169.1681416,1596.840708,328.5457227,711.6165192,737.8731563,1156.899705,2036.20059,1194.746313,948.3097345
406,749.6568047,167.8372781,1589.576923,327.3727811,700.5295858,746.9940828,1148.381657,2067.201183,1192.650888,958.3698225
407,742.719764,164.7345133,1572.40708,325.9026549,685.4631268,752.6430678,1143.162242,2079.067847,1177.292035,963.2890855
408,737.6775148,164.0266272,1568.153846,330.9970414,673.1153846,759.1390533,1147.553254,2089.733728,1166.633136,976.1065089
409,726.4792899,165.091716,1563.449704,339.5384615,663.0029586,754.260355,1148.452663,2092.491124,1151.068047,987.2278107
410,713.9112426,167.8284024,1556.038462,347.7159763,659.2544379,744.6627219,1150.630178,2104.423077,1131.615385,995.1538462
411,700.9349112,168.3757396,1543.408284,352.4911243,657.5798817,738.3284024,1149.301775,2118.002959,1111.434911,996.1094675
412,688.8931751,168.0979228,1537.970326,355.3234421,656.7863501,740.0949555,1145.246291,2123.925816,1092.765579,998.3234421
413,677.231454,166.8813056,1531.78635,352.3620178,651.3204748,741.1364985,1133.439169,2105.762611,1069.611276,998.652819
414,669.5697329,166.620178,1531.851632,346.2759644,643.8456973,740.5875371,1114.566766,2079.626113,1050.593472,1001.264095
415,680.1130952,168.1755952,1547.03869,342.8988095,637.8958333,738.5595238,1093.458333,2062.577381,1045.89881,1007.699405
416,697.8303571,170.4345238,1560.321429,342.2738095,628.8482143,730.9613095,1069.875,2044.934524,1045.419643,1014.598214
417,706.1761194,173.3313433,1574.059701,345.6119403,620.0149254,724.880597,1054.435821,2035.698507,1048.01791,1024.608955
418,693.4537313,175.2305389,1573.550595,347.3482143,609.9553571,718.2053571,1040.886905,2010.848214,1042.714286,1026.178571
419,685.2328358,176.719403,1575.414925,350.3223881,606.4746269,724.9522388,1039.967164,1997.99403,1046.546269,1031.340299
420,676.6586826,178.5179641,1572.164671,349.6197605,605.0179641,734.8023952,1041.676647,1994.835329,1054.257485,1040.272455
421,652.7970149,177.9820896,1557.767164,342.7074627,595.438806,737.7313433,1038.40597,1986.713433,1055.713433,1048.6
422,633.0179641,177.4251497,1550.48503,337.739521,584.8742515,737.6736527,1043.712575,1991.050898,1051.751497,1060.856287
423,635.6396396,179.4564565,1549.711712,337.0570571,575.4144144,736.8018018,1053.582583,2003.432432,1037.900901,1068.3003
424,631.3063063,181.7987988,1546.714715,337.1261261,563.9399399,734.6126126,1057.342342,2011.297297,1015.48048,1069.735736
425,613.4294294,181.4684685,1540.459459,339.4354354,554.003003,730.978979,1055.417417,2015.015015,995.5525526,1073.75976
426,595.592145,179.8821752,1539.120846,343.3625378,551.5770393,727.3323263,1057.012085,2027.957704,986.8610272,1083.238671
427,579.2386707,178.3655589,1529.984894,338.141994,547.0181269,716.776435,1053.283988,2031.287009,977.4803625,1082.126888
428,568.1722054,178.9093656,1526.338369,327.3595166,538.6555891,707.4924471,1047.024169,2034.592145,965.570997,1078.320242
429,563.4048338,179.0634441,1530.344411,320.1148036,528.1208459,700.4652568,1035.096677,2028.129909,951.2477341,1073.776435
430,552.7446809,182.5410334,1548.829787,321.993921,518.2826748,696.2492401,1025.151976,2017.440729,939.9756839,1075.802432
431,552.9392097,183.8358663,1560.182371,324.8267477,501.4954407,685.1550152,1011.042553,1992.544073,919.8297872,1071.784195
432,560.3039514,183.5744681,1564.358663,325.5379939,482.7142857,668.0699088,996.0273556,1970.18845,894.6930091,1063.972644
433,564.7195122,187.5914634,1564.030395,323.1793313,466.695122,651.7378049,986.2743902,1948.784195,865.7598784,1054.015198
434,557.3170732,187.8536585,1571.990854,322.5640244,449.9512195,638.8018293,975.152439,1935.847561,840.0640244,1046.664634
435,552.9695122,189.0335366,1575.820122,325.3871951,431.2347561,630.5640244,964.3993902,1920.707317,813.9512195,1034.155488
436,596.5089606,193.6810036,1662.02509,335.6451613,442.8315412,670.2616487,1015.082437,2012.433692,851.8028674,1073.81362
437,596.6554307,193.1273408,1645.453184,342.3820225,428.2209738,655.8277154,1018.808989,1991.865169,823.6629213,1037.543071
438,602.28125,193.3828125,1639.84375,338.921875,414.890625,643.8164063,1012.785156,1953.757813,801.6601563,1007.835938
439,581.9390244,190.8414634,1628.573171,326.9512195,399.6056911,634.6097561,998.9268293,1901.280488,787.0447154,991.6585366
440,569.3898305,189.8983051,1615.072034,317.6228814,386.8389831,632.3008475,981.2033898,1872.186441,770.8135593,988.690678
441,562.4052863,190.1674009,1593.722467,314.1409692,376.8105727,629.5770925,961.8281938,1843.942731,752.5154185,974.3303965
442,560.8823529,188.8461538,1582.565611,310.5158371,372.9140271,629.7963801,943.1357466,1812.316742,734.6515837,962.918552
443,558.2844037,186.1422018,1569.091743,309.4266055,370.0963303,634.793578,925.8669725,1782.206422,717.3577982,959.3577982
444,542.1069767,184.5162791,1541.623256,311.8232558,365.744186,639.972093,912.8511628,1743.874419,703.2651163,956.855814
445,535.6445498,185.8767773,1517.781991,316.7393365,364.4265403,648.985782,903.8341232,1707.668246,697.2559242,959.1895735
446,512.8269231,184.2115385,1502.163462,325.6923077,364.9086538,650.3509615,895.5096154,1683.322115,693.5336538,958.5576923
447,483.6341463,186.2243902,1494.42439,328.4536585,368.9317073,645.5365854,887.6487805,1680.931707,692.1658537,961.5170732
448,472.1237624,191.0940594,1471.054455,316.7475248,371.2920792,637.8762376,882.2574257,1679.60396,687.3316832,964.5049505
449,456.9191919,193.7676768,1458.974747,305.489899,370.9444444,634.8737374,890.0505051,1689.313131,683.5858586,974.0606061
450,448.9435897,196.6461538,1466.671795,300.6153846,367.1179487,633.8153846,903.2923077,1697.010256,676.4769231,980.3538462
451,438.0451977,192.8361582,1470.146893,298.1977401,359.5536723,642.4971751,907.1751412,1690.734463,661.819209,981.0960452
452,433.6344828,184.9655172,1421.958621,286.3655172,347.662069,639.0551724,896.7241379,1659.724138,633.862069,957.5586207
453,452.7043478,180.7826087,1397.904348,286.2608696,331.173913,641.5913043,902.173913,1671.017391,628.8782609,936.0956522
454,455.1818182,183.7676768,1424.050505,289.3636364,333.1111111,658.7878788,912.7474747,1762.989899,643.7272727,956.969697
455,433.1428571,191.0595238,1430.369048,281.797619,319.3452381,656.6547619,903.8333333,1816.857143,649.0357143,954.1428571
456,422.9178082,192.2739726,1393.534247,282.3287671,301.7123288,638.6712329,890.0136986,1815.136986,638.2876712,916.9178082
457,392.1803279,192.2295082,1366.196721,277.3934426,288.2131148,606.5245902,894.4590164,1854.47541,636.2622951,891.147541
458,378.1020408,189.5306122,1393.755102,274.9387755,271.4693878,581.2244898,936.755102,1921.591837,616.0204082,895.4489796
459,379.4411765,181.7352941,1361.705882,269.5588235,243.0294118,562.7058824,921.2647059,1813.882353,560.7058824,846.2058824
460,343,167.5384615,1162.307692,267.5384615,223.0769231,556.3846154,850.1538462,1558.692308,500,698.7692308
