Distance_(microns),eve,en,mlpt,hb,kr,gt,svb,cad,runt,odd
0,90.1,96.9,322.5,812.5,427.5,289.6,126.4,181.9,184.8,483.8
1,104.35,108.9,312.6,752.45,443.0,333.35,141.65,173.8,168.2,467.75
2,115.07142857142857,143.96428571428572,272.9642857142857,756.6071428571429,506.2857142857143,311.32142857142856,137.64285714285714,166.53571428571428,166.5,464.10714285714283
3,132.8709677419355,150.96774193548387,238.7741935483871,767.8709677419355,523.2258064516129,291.5806451612903,135.16129032258064,162.16129032258064,174.74193548387098,450.61290322580646
4,147.27272727272728,136.27272727272728,217.36363636363637,706.6590909090909,478.8181818181818,275.72727272727275,127.68181818181819,147.1590909090909,168.8181818181818,408.1136363636364
5,158.05263157894737,136.89473684210526,197.08771929824562,696.8421052631579,454.12280701754383,281.8421052631579,126.17543859649123,155.3684210526316,160.2280701754386,407.35087719298247
6,171.17910447761193,153.97014925373134,200.8955223880597,724.4626865671642,429.1194029850746,306.910447761194,125.01492537313433,161.38805970149255,159.47761194029852,411.94029850746267
7,172.98823529411766,142.12941176470588,225.3294117647059,721.4470588235295,425.3529411764706,325.3764705882353,133.24705882352941,167.49411764705883,169.95294117647057,421.8
8,167.72340425531914,155.63829787234042,216.56382978723406,706.1808510638298,415.32978723404256,336.22340425531917,132.96808510638297,170.7127659574468,169.6595744680851,438.8191489361702
9,163.22222222222223,170.74074074074073,209.89814814814815,674.0833333333334,444.69444444444446,342.75925925925924,135.62037037037038,177.96296296296296,169.87962962962962,443.24074074074076
10,156.15702479338842,167.71074380165288,205.5785123966942,646.4462809917355,438.297520661157,370.6198347107438,134.01652892561984,178.69421487603304,172.76859504132233,438.8512396694215
11,158.748031496063,180.95275590551182,192.48031496062993,648.007874015748,441.8582677165354,371.34645669291336,133.04724409448818,173.45669291338584,168.93700787401573,442.0
12,162.3203125,188.2421875,178.5546875,638.765625,448.953125,386.6171875,135.078125,165.9453125,168.4453125,454.09375
13,159.3515625,186.9609375,166.359375,610.5078125,448.5234375,398.2890625,133.4140625,161.5625,170.40625,463.453125
14,149.48062015503876,179.06976744186048,155.7751937984496,610.046511627907,431.07751937984494,424.8837209302326,136.2093023255814,159.2325581395349,171.52713178294573,466.14728682170545
15,147.7751937984496,181.50387596899225,148.65891472868216,618.0542635658915,411.3178294573643,447.15503875968994,137.88372093023256,154.09302325581396,173.42635658914728,467.6279069767442
16,150.37209302325581,178.6201550387597,142.07751937984497,585.7441860465116,392.0232558139535,445.27131782945736,137.93798449612405,153.3953488372093,173.05426356589146,463.05426356589146
17,148.75193798449612,159.32558139534885,136.47286821705427,559.6666666666666,382.73643410852713,436.6511627906977,135.8217054263566,152.27906976744185,172.6201550387597,467.72868217054264
18,140.03846153846155,149.3923076923077,132.2153846153846,550.5769230769231,361.37692307692305,427.0615384615385,134.09230769230768,148.26153846153846,174.30769230769232,462.18461538461537
19,130.25384615384615,140.63846153846154,132.77692307692308,562.3461538461538,361.2153846153846,419.6384615384615,134.23846153846154,143.26923076923077,175.6846153846154,455.74615384615385
20,125.74809160305344,132.44274809160305,132.73282442748092,565.4351145038167,372.22137404580155,429.64885496183206,136.22137404580153,142.96946564885496,176.5267175572519,450.55725190839695
21,119.06060606060606,137.06060606060606,133.6439393939394,562.0833333333334,365.9166666666667,436.3181818181818,135.3939393939394,141.22727272727272,177.46969696969697,444.84090909090907
22,114.63636363636364,124.9090909090909,134.37121212121212,555.7348484848485,361.3939393939394,429.50757575757575,135.78787878787878,142.37121212121212,184.49242424242425,444.0151515151515
23,113.5909090909091,118.0909090909091,131.52272727272728,547.0909090909091,364.1363636363636,430.1363636363636,136.6818181818182,142.47727272727272,190.8181818181818,440.6212121212121
24,106.80916030534351,113.81679389312977,129.1145038167939,556.6183206106871,374.25954198473283,436.00763358778624,135.2290076335878,143.32824427480915,205.9618320610687,449.63358778625957
25,105.06818181818181,109.49242424242425,129.24242424242425,555.0833333333334,373.9318181818182,432.29545454545456,135.17424242424244,140.59848484848484,226.36363636363637,457.780303030303
26,102.8030303030303,105.76515151515152,129.27272727272728,539.6969696969697,361.6818181818182,424.7651515151515,136.58333333333334,143.16666666666666,232.61363636363637,470.1363636363636
27,102.89393939393939,99.99242424242425,128.3409090909091,500.719696969697,346.8181818181818,417.9015151515151,140.3409090909091,144.78030303030303,230.70454545454547,468.8030303030303
28,101.28571428571429,98.35338345864662,128.54135338345864,494.8496240601504,337.23308270676694,427.609022556391,140.593984962406,144.62406015037595,229.94736842105263,463.74436090225566
29,99.47368421052632,95.21052631578948,131.30827067669173,513.2857142857143,343.5338345864662,442.390977443609,137.15037593984962,145.88721804511277,239.99248120300751,459.3533834586466
30,99.78358208955224,95.76865671641791,132.1492537313433,519.7462686567164,351.56716417910445,442.47014925373134,134.8507462686567,146.63432835820896,252.67164179104478,448.75373134328356
31,101.94029850746269,93.00746268656717,133.26865671641792,529.179104477612,348.7313432835821,442.6119402985075,137.21641791044777,148.87313432835822,268.55223880597015,446.1865671641791
32,101.3955223880597,91.3955223880597,132.38059701492537,522.6119402985074,348.2089552238806,438.43283582089555,138.4402985074627,150.94776119402985,290.36567164179104,445.64925373134326
33,97.76119402985074,89.66417910447761,130.544776119403,506.54477611940297,354.8880597014925,435.54477611940297,139.5597014925373,151.76865671641792,310.8731343283582,433.0970149253731
34,95.41911764705883,86.2279411764706,128.41176470588235,488.6764705882353,349.00735294117646,423.75735294117646,137.75,149.81617647058823,311.6985294117647,433.2867647058824
35,95.2720588235294,86.8529411764706,127.88235294117646,506.2720588235294,353.86764705882354,415.43382352941177,136.72058823529412,147.72794117647058,317.7132352941176,422.1470588235294
36,93.97058823529412,86.75,127.99264705882354,500.4779411764706,359.3529411764706,403.5220588235294,137.125,145.22058823529412,338.7352941176471,423.30882352941177
37,94.79411764705883,88.30147058823529,127.81617647058823,498.27941176470586,353.75735294117646,395.3529411764706,137.46323529411765,142.9191176470588,354.08088235294116,425.5
38,93.69117647058823,90.78676470588235,128.8308823529412,517.8602941176471,349.6617647058824,387.0514705882353,139.6764705882353,141.8014705882353,349.2867647058824,427.45588235294116
39,94.15328467153284,92.17518248175182,130.43065693430657,527.1386861313869,348.6131386861314,383.9124087591241,140.007299270073,141.8029197080292,339.56934306569343,422.6934306569343
40,94.3840579710145,90.15942028985508,130.59420289855072,522.1884057971015,344.7173913043478,386.80434782608694,137.2463768115942,142.86231884057972,324.1231884057971,419.7608695652174
41,95.61151079136691,88.96402877697842,128.72661870503597,506.23021582733816,335.41726618705036,388.66187050359713,136.63309352517985,141.4820143884892,320.8848920863309,421.76258992805754
42,96.88571428571429,89.36428571428571,130.05714285714285,486.5357142857143,332.95,388.77142857142854,138.82142857142858,144.57857142857142,327.73571428571427,423.1357142857143
43,96.52173913043478,87.30434782608695,130.6304347826087,477.27536231884056,333.731884057971,397.9710144927536,138.80434782608697,149.02898550724638,337.4492753623188,426.9347826086956
44,98.49640287769785,85.77697841726619,129.77697841726618,482.24460431654677,334.66187050359713,393.8992805755396,135.74820143884892,146.31654676258992,326.50359712230215,414.6115107913669
45,101.66187050359713,86.5179856115108,129.5251798561151,477.8776978417266,341.27338129496405,373.7841726618705,134.46043165467626,144.77697841726618,326.0071942446043,408.0
46,101.77142857142857,85.25714285714285,129.97857142857143,457.49285714285713,339.1714285714286,366.7,135.42857142857142,142.09285714285716,327.7142857142857,407.87142857142857
47,105.15714285714286,85.04285714285714,132.40714285714284,458.60714285714283,344.6,371.05,139.46428571428572,140.72142857142856,332.6142857142857,411.59285714285716
48,104.90140845070422,84.77464788732394,132.2112676056338,467.7535211267606,358.67605633802816,362.8098591549296,140.38028169014083,139.74647887323943,345.5,419.3943661971831
49,108.05594405594405,85.72027972027972,131.74125874125875,463.7762237762238,367.1048951048951,347.3006993006993,138.21678321678323,138.6993006993007,349.4055944055944,414.94405594405595
50,111.66666666666667,86.85416666666667,130.25,454.09027777777777,373.15277777777777,350.15972222222223,136.5,140.65277777777777,354.3125,415.0625
51,115.33793103448276,87.96551724137932,131.3310344827586,456.57241379310346,369.04137931034484,362.77241379310345,135.40689655172415,141.5448275862069,342.82758620689657,421.17931034482757
52,121.59310344827587,89.38620689655173,131.13793103448276,472.5793103448276,360.1448275862069,365.048275862069,135.42758620689656,141.75862068965517,345.3034482758621,419.6620689655172
53,127.42465753424658,89.36301369863014,130.5068493150685,472.5342465753425,354.56849315068496,361.1849315068493,136.5,141.76027397260273,363.32876712328766,419.26027397260276
54,142.82876712328766,88.71917808219177,129.92465753424656,469.9246575342466,355.8013698630137,359.66438356164383,138.42465753424656,142.3972602739726,382.1164383561644,414.14383561643837
55,159.83221476510067,87.75838926174497,131.38255033557047,470.06711409395973,356.23489932885906,358.4496644295302,138.00671140939596,145.40268456375838,397.80536912751677,412.7046979865772
56,174.81879194630872,89.8993288590604,133.98,474.2266666666667,355.49333333333334,365.46,139.23489932885906,148.11409395973155,418.8666666666667,422.87333333333333
57,186.35099337748343,91.5364238410596,136.97350993377484,466.6423841059603,357.7880794701987,379.70198675496687,136.56291390728478,141.80132450331126,436.10596026490066,439.04635761589407
58,194.83333333333334,94.99333333333334,140.05333333333334,468.17333333333335,365.7733333333333,396.79333333333335,139.45333333333335,149.16,456.38666666666666,448.1066666666667
59,200.39072847682118,99.66887417218543,142.94701986754967,494.73509933774835,369.5827814569536,383.2913907284768,140.11258278145695,149.2913907284768,477.2384105960265,447.2582781456954
60,208.34,105.69333333333333,142.75333333333333,517.1666666666666,371.06,361.87333333333333,142.96,148.26666666666668,507.7866666666667,456.05333333333334
61,209.85333333333332,110.3,144.72666666666666,543.0533333333333,361.2,352.0,140.54,156.06,524.7933333333333,465.78
62,205.66225165562915,114.26490066225166,147.58278145695365,559.5827814569536,365.5827814569536,345.49668874172187,139.71523178807948,154.59602649006624,536.1854304635762,468.1655629139073
63,204.2434210526316,127.75,149.07894736842104,584.1447368421053,376.9868421052632,339.76973684210526,141.1315789473684,154.79605263157896,546.1052631578947,477.25657894736844
64,216.5065789473684,141.6184210526316,150.20394736842104,599.2302631578947,389.7631578947368,340.3092105263158,145.45394736842104,154.375,560.3881578947369,493.57236842105266
65,231.47368421052633,153.6315789473684,152.1578947368421,628.375,393.74342105263156,336.4078947368421,146.43421052631578,151.80263157894737,582.4605263157895,515.7105263157895
66,235.79605263157896,161.78947368421052,151.9934210526316,646.6052631578947,404.2763157894737,320.39473684210526,147.94736842105263,148.01973684210526,606.1184210526316,556.9407894736842
67,247.07843137254903,172.84313725490196,150.5359477124183,674.9281045751634,410.0457516339869,316.2091503267974,147.81045751633988,147.81045751633988,642.8235294117648,604.5882352941177
68,250.94117647058823,170.54901960784315,148.9607843137255,714.0522875816994,411.7647058823529,320.2091503267974,149.65359477124184,148.7843137254902,695.8104575163399,646.1176470588235
69,245.79084967320262,170.6143790849673,147.15032679738562,752.1111111111111,420.5882352941176,317.562091503268,148.6078431372549,152.18300653594773,734.0457516339869,690.9673202614379
70,239.13725490196077,176.81045751633988,146.55555555555554,777.437908496732,438.4117647058824,317.80392156862746,144.72549019607843,157.86928104575162,766.7581699346405,731.1830065359477
71,247.88311688311688,181.19480519480518,144.27272727272728,778.0909090909091,451.6363636363636,326.9805194805195,146.48701298701297,159.66233766233765,779.7922077922078,753.8701298701299
72,248.38311688311688,187.4805194805195,143.26623376623377,769.7402597402597,450.7142857142857,332.4155844155844,147.66883116883116,159.75324675324674,777.1753246753246,778.7272727272727
73,250.23376623376623,191.0194805194805,139.34415584415584,767.4155844155844,453.9025974025974,315.3961038961039,150.4090909090909,155.16233766233765,787.3376623376623,788.6428571428571
74,244.50967741935483,193.68387096774194,136.40645161290323,751.5483870967741,440.0967741935484,295.2967741935484,152.03225806451613,150.56129032258065,836.9548387096775,794.2258064516129
75,237.10967741935485,196.93548387096774,136.09032258064516,784.3741935483871,442.9290322580645,304.6193548387097,152.15483870967742,151.5032258064516,855.8516129032258,812.3548387096774
76,230.9741935483871,196.41935483870967,134.40645161290323,828.3870967741935,451.34193548387094,306.09032258064514,151.78709677419354,154.26451612903224,832.3096774193548,823.7612903225806
77,214.3548387096774,187.2516129032258,133.58064516129033,816.9741935483871,445.40645161290325,302.26451612903224,153.26451612903224,155.46451612903226,802.6193548387097,836.9548387096775
78,191.24516129032259,179.55483870967743,133.53548387096774,777.7290322580645,442.85806451612905,301.85806451612905,151.4774193548387,151.46451612903226,803.3354838709678,865.174193548387
79,172.14102564102564,179.2948717948718,131.53846153846155,788.4551282051282,444.0192307692308,300.13461538461536,151.2948717948718,149.14102564102564,781.7179487179487,862.3910256410256
80,161.16666666666666,178.60897435897436,130.85897435897436,803.8525641025641,445.8525641025641,293.5,150.37179487179486,150.12179487179486,770.2435897435897,844.7884615384615
81,154.4967741935484,163.61290322580646,129.4774193548387,823.0258064516129,441.31612903225806,293.46451612903223,149.8,150.44516129032257,737.4322580645161,832.4967741935484
82,153.01298701298703,161.3896103896104,129.33116883116884,826.2532467532468,438.8051948051948,291.02597402597405,152.0909090909091,150.33116883116884,690.2077922077922,836.7337662337662
83,146.14285714285714,160.05844155844156,130.16883116883116,817.7077922077922,424.5,304.37012987012986,159.06493506493507,150.12337662337663,666.974025974026,869.3506493506494
84,135.52941176470588,161.6797385620915,131.05882352941177,814.9281045751634,416.7516339869281,299.3071895424837,163.69281045751634,152.2549019607843,644.562091503268,876.6013071895425
85,130.3181818181818,156.74675324675326,130.7922077922078,812.2792207792207,420.24675324675326,296.012987012987,162.56493506493507,150.15584415584416,594.5324675324675,890.2142857142857
86,126.14285714285714,147.82467532467533,130.5194805194805,815.7402597402597,418.44805194805195,286.2012987012987,160.33766233766235,147.23376623376623,579.4350649350649,879.4025974025974
87,116.25324675324676,140.16233766233765,130.3181818181818,842.1233766233767,420.90909090909093,268.73376623376623,154.8896103896104,148.4090909090909,559.6103896103896,861.961038961039
88,110.42105263157895,138.19736842105263,130.9934210526316,858.8947368421053,421.3921568627451,275.5686274509804,152.6078431372549,155.28947368421052,553.4640522875817,858.2941176470588
89,107.77631578947368,138.84868421052633,130.16447368421052,851.328947368421,424.50657894736844,280.8355263157895,153.38815789473685,154.5065789473684,536.0,817.5686274509804
90,103.89473684210526,129.76315789473685,127.85526315789474,836.8618421052631,417.99342105263156,279.0592105263158,154.78947368421052,148.7565789473684,494.625,804.5263157894736
91,106.19867549668874,116.42384105960265,126.67549668874172,812.0529801324503,406.3907284768212,274.6423841059603,153.8543046357616,145.39735099337747,463.2119205298013,794.1920529801324
92,109.40397350993378,114.58278145695364,127.6158940397351,811.205298013245,398.20529801324506,266.887417218543,154.52980132450332,142.9271523178808,455.6887417218543,796.6490066225166
93,109.66,112.58,127.85333333333334,827.12,412.82666666666665,271.08,158.64,146.43333333333334,462.6533333333333,791.0266666666666
94,109.96,104.64,127.73333333333333,810.5466666666666,414.50666666666666,269.94,160.42,147.39333333333335,459.93333333333334,758.8333333333334
95,107.26,98.19333333333333,128.08666666666667,781.8533333333334,403.82,273.9,156.86,146.92666666666668,414.55333333333334,711.6866666666666
96,108.46308724832215,94.59060402684564,127.86577181208054,784.2013422818792,396.8456375838926,268.4697986577181,158.53691275167785,147.40939597315437,378.28187919463085,688.9194630872483
97,107.75167785234899,91.08053691275168,126.14765100671141,796.5906040268457,392.00671140939596,257.8859060402685,162.51677852348993,147.71812080536913,360.18120805369125,654.2751677852349
98,111.1554054054054,88.6891891891892,125.33108108108108,786.3378378378378,387.1756756756757,264.8918918918919,166.35135135135135,147.70945945945945,346.52702702702703,618.9797297297297
99,113.08108108108108,90.96621621621621,124.75,782.5472972972973,379.3783783783784,277.1689189189189,166.72972972972974,147.02702702702703,326.4256756756757,573.1756756756756
100,113.25,93.92567567567568,122.87837837837837,763.4527027027027,386.7432432432432,277.06081081081084,164.09459459459458,144.6891891891892,313.6689189189189,548.5337837837837
101,115.47945205479452,93.02054794520548,125.02739726027397,779.9794520547945,394.95205479452056,285.013698630137,166.9041095890411,143.6917808219178,313.74657534246575,539.7945205479452
102,118.6986301369863,88.71232876712328,125.43835616438356,769.1849315068494,392.2808219178082,301.4178082191781,164.76027397260273,143.8082191780822,294.73972602739724,516.5958904109589
103,126.17808219178082,86.63698630136986,126.84931506849315,733.2739726027397,392.8424657534247,312.8082191780822,161.05479452054794,144.63013698630138,278.66438356164383,496.4178082191781
104,134.32638888888889,84.81944444444444,134.03472222222223,737.6041666666666,408.44444444444446,312.65277777777777,162.78472222222223,143.97222222222223,280.96527777777777,485.40972222222223
105,134.19444444444446,84.43055555555556,136.63194444444446,751.2708333333334,412.9375,304.0625,165.625,144.24305555555554,285.6458333333333,472.44444444444446
106,126.63888888888889,84.49305555555556,135.93055555555554,743.4861111111111,410.0,318.18055555555554,172.02083333333334,148.52083333333334,291.5138888888889,461.6458333333333
107,121.9375,84.40277777777777,130.86805555555554,744.6805555555555,404.34722222222223,325.96527777777777,174.77083333333334,147.55555555555554,292.125,439.65277777777777
108,119.0979020979021,86.65734265734265,127.16783216783217,783.4055944055945,403.44055944055947,330.7762237762238,178.0909090909091,148.51048951048952,297.8251748251748,436.83216783216784
109,117.67832167832168,84.37062937062937,122.62937062937063,744.3496503496503,395.986013986014,326.0839160839161,174.97202797202797,144.8181818181818,292.72727272727275,438.4055944055944
110,123.39716312056737,84.88652482269504,122.60992907801419,716.4042553191489,402.98581560283685,329.1843971631206,174.36170212765958,144.2340425531915,287.29787234042556,429.29787234042556
111,125.81560283687944,84.17021276595744,124.177304964539,669.1205673758865,408.3333333333333,335.09929078014187,174.34751773049646,141.9078014184397,286.6099290780142,409.1489361702128
112,127.04225352112677,84.8943661971831,124.82394366197182,632.2253521126761,400.2042253521127,342.67605633802816,176.0281690140845,139.74647887323943,287.3169014084507,401.21830985915494
113,127.25174825174825,85.27272727272727,124.25874125874125,633.2447552447552,404.42657342657344,341.67832167832165,176.8951048951049,141.63636363636363,283.958041958042,402.0979020979021
114,133.76223776223776,84.95104895104895,123.68531468531468,640.8811188811189,413.3916083916084,318.993006993007,179.97202797202797,143.32867132867133,282.8811188811189,393.8041958041958
115,140.74125874125875,85.42657342657343,124.55244755244755,673.8741258741259,410.76223776223776,292.1118881118881,182.006993006993,142.6013986013986,280.94405594405595,381.5104895104895
116,146.02083333333334,85.13194444444444,123.4375,666.3333333333334,406.13194444444446,293.71527777777777,185.03472222222223,140.1875,275.1875,378.68055555555554
117,150.8206896551724,84.92413793103448,123.58620689655173,636.9379310344827,414.0551724137931,303.95862068965516,188.7793103448276,138.68965517241378,268.70344827586206,382.93793103448274
118,160.75694444444446,86.40972222222223,125.125,611.4444444444445,425.7638888888889,297.5486111111111,187.59027777777777,142.24305555555554,273.375,378.63194444444446
119,168.46896551724137,87.22068965517241,123.71034482758621,605.9586206896552,423.9172413793103,276.0689655172414,186.27586206896552,140.39310344827587,268.36551724137934,384.9310344827586
120,178.22448979591837,86.38775510204081,124.29931972789116,614.6938775510204,426.05442176870747,261.7687074829932,193.45578231292518,144.91156462585033,272.2857142857143,380.9795918367347
121,186.44520547945206,88.23287671232876,128.46575342465752,620.2328767123288,438.45205479452056,269.06164383561645,205.37671232876713,149.08904109589042,270.1575342465753,387.8150684931507
122,195.1283783783784,89.68243243243244,134.75,598.3783783783783,414.8378378378378,277.1689189189189,200.25675675675674,147.86486486486487,260.1283783783784,378.9932432432432
123,203.78378378378378,90.02702702702703,133.97297297297297,550.4256756756756,401.1689189189189,274.2972972972973,204.21621621621622,146.93243243243242,248.24324324324326,374.52702702702703
124,208.5472972972973,89.52027027027027,123.96621621621621,526.1013513513514,401.81081081081084,253.24324324324326,206.11486486486487,146.95945945945945,238.05405405405406,373.31081081081084
125,213.08904109589042,93.22602739726027,120.1917808219178,527.3219178082192,397.3013698630137,231.47260273972603,201.5,146.82876712328766,232.67123287671234,369.76027397260276
126,209.34931506849315,96.17808219178082,117.20547945205479,510.6095890410959,399.5753424657534,233.07534246575344,202.86986301369862,144.3972602739726,230.58904109589042,365.55479452054794
127,215.9591836734694,100.81632653061224,116.38775510204081,485.86394557823127,412.36054421768705,239.42857142857142,209.69387755102042,142.74149659863946,236.73469387755102,377.97278911564626
128,216.6326530612245,101.84353741496598,115.29931972789116,475.10884353741494,405.83673469387753,232.60544217687075,212.3673469387755,142.5578231292517,236.24489795918367,372.421768707483
129,216.80272108843536,105.14965986394557,116.79591836734694,471.6530612244898,402.91156462585036,218.5578231292517,218.79591836734693,139.89115646258503,233.2721088435374,376.4557823129252
130,223.98639455782313,106.71428571428571,116.78911564625851,476.3741496598639,416.7755102040816,214.43537414965985,230.81632653061226,140.60544217687075,223.843537414966,379.2108843537415
131,227.31972789115648,108.51700680272108,116.21768707482993,491.57142857142856,428.9594594594595,217.80272108843536,247.34459459459458,142.62585034013605,213.63945578231292,382.38513513513516
132,234.31543624161074,106.57046979865771,117.83221476510067,476.8523489932886,439.5704697986577,212.85906040268458,264.86577181208054,142.9731543624161,205.83221476510067,388.97986577181206
133,243.98648648648648,107.04054054054055,123.02027027027027,475.7027027027027,431.43918918918916,208.45945945945945,279.4121621621622,144.5810810810811,192.75,409.0405405405405
134,262.88513513513516,109.4054054054054,129.08783783783784,472.6554054054054,431.3918918918919,203.56756756756758,296.77702702702703,144.72297297297297,187.0608108108108,420.39864864864865
135,265.9261744966443,110.3758389261745,133.18120805369128,470.6040268456376,442.73825503355704,197.73825503355704,312.6711409395973,144.83892617449663,181.20805369127515,427.06711409395973
136,270.744966442953,116.91275167785236,129.76510067114094,474.9731543624161,437.93288590604027,189.04697986577182,329.76510067114094,144.91275167785236,178.54362416107384,433.9530201342282
137,269.31081081081084,117.62162162162163,126.58783783783784,464.27027027027026,430.7432432432432,190.67567567567568,346.3716216216216,146.29054054054055,173.03378378378378,427.2027027027027
138,269.97333333333336,114.15333333333334,125.08,447.1333333333333,424.2,187.26666666666668,363.5466666666667,142.62,168.85333333333332,429.38
139,266.96666666666664,115.49333333333334,125.4,454.3466666666667,431.08666666666664,186.71333333333334,390.06666666666666,139.78666666666666,169.97333333333333,436.7733333333333
140,257.0,110.12666666666667,125.10666666666667,451.42,431.4066666666667,181.53333333333333,408.2,141.94666666666666,165.85333333333332,436.7133333333333
141,248.9,109.65333333333334,125.94666666666667,437.4866666666667,426.25333333333333,180.24666666666667,418.34,143.08,165.58666666666667,445.17333333333335
142,241.48666666666668,109.28,124.82666666666667,432.3,422.43333333333334,182.2,435.52666666666664,143.53333333333333,166.1,445.1933333333333
143,228.82236842105263,109.9407894736842,125.65131578947368,405.67105263157896,408.375,186.11184210526315,450.57236842105266,143.30263157894737,167.98026315789474,446.07894736842104
144,215.90196078431373,109.50980392156863,125.08496732026144,388.47058823529414,396.1437908496732,186.18954248366012,476.4313725490196,140.35294117647058,166.0718954248366,446.54901960784315
145,208.11111111111111,111.15032679738562,128.6797385620915,390.73202614379085,401.7712418300654,182.49019607843138,495.8627450980392,138.76470588235293,162.33986928104576,444.73856209150324
146,205.6797385620915,110.4640522875817,128.40522875816993,387.96078431372547,402.37254901960785,176.35294117647058,512.281045751634,138.65359477124184,161.81045751633988,441.8235294117647
147,213.62745098039215,110.09803921568627,127.2875816993464,407.6143790849673,394.2352941176471,174.30065359477123,541.0915032679738,137.79084967320262,163.20261437908496,440.11764705882354
148,199.2922077922078,107.18831168831169,128.85064935064935,436.8181818181818,390.09090909090907,174.5974025974026,571.0194805194806,135.8961038961039,161.75324675324674,439.6363636363636
149,190.30322580645162,103.91612903225807,128.33548387096775,436.28387096774196,394.7741935483871,178.23225806451612,609.1935483870968,135.76774193548388,165.52903225806452,442.4709677419355
150,182.70967741935485,103.70967741935483,125.88387096774194,406.2967741935484,394.03225806451616,173.50967741935483,630.658064516129,135.40645161290323,164.4774193548387,443.18709677419355
151,178.83225806451614,106.14193548387097,126.94193548387096,390.9161290322581,403.7032258064516,170.0258064516129,629.7612903225806,135.99354838709678,162.74193548387098,442.6774193548387
152,179.39354838709679,105.34838709677419,127.01290322580645,388.2064516129032,406.0967741935484,168.6451612903226,637.1612903225806,135.03225806451613,165.6,435.38709677419354
153,175.0897435897436,106.65384615384616,126.53205128205128,374.7692307692308,404.03846153846155,170.09615384615384,651.1858974358975,135.28846153846155,170.34615384615384,427.80128205128204
154,178.0891719745223,103.35031847133757,123.29299363057325,388.5796178343949,416.7643312101911,174.70700636942675,680.6687898089172,136.76433121019107,171.3184713375796,426.78980891719743
155,171.53503184713375,99.4140127388535,123.80891719745223,405.8089171974522,428.0063694267516,181.15286624203821,695.8025477707006,137.38853503184714,172.9044585987261,426.11464968152865
156,162.10759493670886,96.17721518987342,121.11392405063292,412.55696202531647,421.61392405063293,186.27215189873417,707.7088607594936,137.3860759493671,176.13291139240508,410.5822784810127
157,151.76582278481013,94.82278481012658,118.92405063291139,422.0253164556962,420.0126582278481,184.39240506329114,718.1455696202531,138.23417721518987,181.65189873417722,403.5632911392405
158,150.5379746835443,92.81645569620254,122.28481012658227,426.9746835443038,412.3354430379747,185.4620253164557,733.1898734177215,134.0759493670886,194.10759493670886,409.6835443037975
159,143.8238993710692,95.40251572327044,125.39622641509433,409.2201257861635,394.45283018867923,187.25157232704402,766.1823899371069,136.47798742138366,203.0754716981132,409.71069182389937
160,142.91194968553458,95.11949685534591,123.66666666666667,404.2327044025157,394.54088050314465,197.23899371069183,782.0503144654089,139.33333333333334,210.9685534591195,402.2012578616352
161,137.75776397515529,88.6024844720497,119.5031055900621,419.00621118012424,404.18633540372673,193.30434782608697,776.1055900621118,138.5527950310559,214.16770186335404,404.0807453416149
162,133.75776397515529,88.01863354037268,120.40993788819875,452.0745341614907,439.888198757764,197.83229813664596,775.4844720496894,136.98136645962734,217.29813664596273,411.5652173913044
163,133.01234567901236,90.08641975308642,119.28395061728395,438.9691358024691,440.5987654320988,204.59259259259258,812.283950617284,140.22222222222223,231.7037037037037,415.641975308642
164,131.24539877300614,91.92638036809817,119.8282208588957,427.42944785276075,435.23312883435585,205.96932515337423,861.2944785276073,138.91411042944785,244.8957055214724,406.9877300613497
165,132.60365853658536,89.85365853658537,121.8048780487805,410.0792682926829,447.8414634146341,200.1341463414634,908.1768292682926,141.09756097560975,248.9878048780488,413.0914634146341
166,132.85454545454544,91.06060606060606,122.2060606060606,397.9030303030303,454.1878787878788,202.34545454545454,918.8848484848485,142.64242424242425,264.4969696969697,424.2848484848485
167,130.54545454545453,90.93333333333334,126.08484848484848,406.6606060606061,452.3333333333333,197.53939393939393,922.5575757575757,141.72727272727272,282.24242424242425,418.24242424242425
168,124.00602409638554,92.06024096385542,122.90361445783132,418.30120481927713,460.355421686747,192.44578313253012,929.7710843373494,136.3132530120482,302.2469879518072,419.7289156626506
169,130.5449101796407,88.52694610778443,125.78443113772455,415.8023952095808,472.8622754491018,197.89820359281438,933.6706586826348,137.9880239520958,330.47904191616766,422.09580838323353
170,141.63095238095238,88.04761904761905,126.89880952380952,423.32142857142856,495.67261904761904,192.80357142857142,970.7678571428571,140.20238095238096,371.17261904761904,430.5
171,145.61764705882354,89.21764705882353,122.98823529411764,417.02941176470586,494.38235294117646,183.89411764705883,1011.2647058823529,142.61764705882354,408.4647058823529,425.66470588235296
172,148.5,90.72941176470589,122.64117647058823,427.7705882352941,481.4235294117647,190.1705882352941,1059.5529411764705,145.3764705882353,439.0764705882353,429.2
173,157.11111111111111,90.74853801169591,124.87134502923976,433.4035087719298,465.80116959064327,189.22222222222223,1059.345029239766,145.5672514619883,445.15204678362574,424.99415204678365
174,160.62790697674419,91.01744186046511,126.65116279069767,435.3779069767442,479.5348837209302,189.29651162790697,1062.0232558139535,139.90116279069767,477.2732558139535,430.8255813953488
175,172.71511627906978,90.94186046511628,129.93023255813952,405.4360465116279,488.80232558139534,184.73837209302326,1072.5872093023256,141.37209302325581,513.2906976744187,421.52906976744185
176,190.96511627906978,89.59883720930233,135.22093023255815,403.3779069767442,495.30232558139534,181.08139534883722,1079.8081395348838,141.0872093023256,535.2151162790698,428.81976744186045
177,200.6206896551724,88.19540229885058,130.97701149425288,423.2528735632184,512.8563218390805,182.88505747126436,1116.9770114942528,142.36206896551724,580.4885057471264,428.39080459770116
178,208.33908045977012,89.40229885057471,130.132183908046,427.1954022988506,524.1724137931035,188.45977011494253,1185.4022988505747,146.54597701149424,615.5574712643678,425.7816091954023
179,224.4,89.46857142857142,131.46857142857144,422.1714285714286,512.8857142857142,184.4,1189.0114285714285,145.44,607.2228571428572,417.95428571428573
180,238.1864406779661,89.88135593220339,131.1638418079096,425.8587570621469,494.3502824858757,193.07909604519773,1151.9774011299435,143.96610169491527,617.7570621468926,417.3050847457627
181,257.33898305084745,92.0677966101695,133.045197740113,430.3446327683616,500.59322033898303,197.07909604519773,1132.7005649717514,140.66101694915255,643.1694915254237,414.9265536723164
182,277.15168539325845,92.0561797752809,133.84831460674158,420.14606741573033,514.3033707865169,187.84831460674158,1121.7078651685392,138.52808988764045,679.2808988764045,414.24719101123594
183,289.8666666666667,92.29444444444445,133.94444444444446,416.0888888888889,507.7611111111111,187.03333333333333,1145.1277777777777,142.07777777777778,717.1222222222223,412.26666666666665
184,304.4166666666667,94.08888888888889,136.95,417.6388888888889,511.75555555555553,191.23333333333332,1193.3666666666666,147.9777777777778,731.1,419.5111111111111
185,314.19444444444446,95.74444444444444,136.9,419.878453038674,522.6850828729282,188.44751381215468,1201.867403314917,149.2277777777778,733.4917127071823,415.44198895027625
186,320.4475138121547,96.1767955801105,137.83977900552486,430.5966850828729,541.9834254143647,189.14364640883977,1228.7900552486187,152.38674033149172,778.414364640884,424.9889502762431
187,339.61538461538464,96.0934065934066,138.55494505494505,440.8791208791209,555.6263736263736,192.44505494505495,1261.1868131868132,155.91758241758242,847.1868131868132,437.5989010989011
188,362.7717391304348,96.94565217391305,139.3695652173913,426.07608695652175,538.9402173913044,184.5923913043478,1263.016304347826,156.97282608695653,899.7445652173913,450.66847826086956
189,378.741935483871,96.32432432432432,142.7258064516129,399.06451612903226,544.0,179.88709677419354,1266.978494623656,158.43548387096774,937.6720430107526,452.9247311827957
190,406.7379679144385,97.43315508021391,144.50267379679144,381.4438502673797,557.5026737967914,179.47058823529412,1266.6951871657755,158.47058823529412,958.7219251336899,462.01604278074865
191,435.52127659574467,101.05851063829788,144.85638297872342,369.34574468085106,593.6436170212766,182.9840425531915,1251.6382978723404,157.16489361702128,976.281914893617,478.98936170212767
192,454.34391534391534,106.74603174603175,140.93650793650792,360.46031746031747,610.7037037037037,186.64021164021165,1230.2910052910054,155.74603174603175,985.4920634920635,497.5820105820106
193,453.61170212765956,110.11702127659575,142.93085106382978,361.07978723404256,607.1329787234042,193.75,1253.313829787234,152.04255319148936,1032.3882978723404,537.3936170212766
194,452.0952380952381,115.58730158730158,144.1216931216931,350.1005291005291,610.3333333333334,194.26455026455025,1292.095238095238,155.32275132275132,1090.010582010582,569.2539682539683
195,468.65263157894736,114.28421052631579,144.3684210526316,364.94736842105266,598.4368421052632,190.67894736842106,1329.342105263158,165.76842105263157,1124.7105263157894,582.3157894736842
196,486.5235602094241,116.97905759162303,144.3717277486911,381.5916230366492,590.2251308900524,188.5392670157068,1329.8795811518326,168.2931937172775,1156.7591623036649,595.2094240837696
197,506.0052083333333,125.375,145.5,364.7864583333333,614.1354166666666,183.97916666666666,1309.03125,167.74479166666666,1165.96875,618.453125
198,517.9020618556701,129.25257731958763,145.38144329896906,357.5360824742268,668.5412371134021,181.0257731958763,1290.9896907216496,166.75257731958763,1173.4381443298969,640.2474226804123
199,488.46666666666664,130.2,145.01538461538462,343.64102564102564,682.1846153846154,177.86666666666667,1302.1897435897436,162.25128205128206,1157.6153846153845,662.3948717948718
200,462.79487179487177,144.07179487179488,145.63589743589745,332.33846153846156,684.4666666666667,180.05128205128204,1295.4,159.42564102564103,1117.4666666666667,703.851282051282
201,461.8826530612245,150.51020408163265,145.22448979591837,326.42857142857144,678.2295918367347,181.4387755102041,1306.9285714285713,159.1326530612245,1099.908163265306,712.2908163265306
202,429.0558375634518,140.45685279187816,145.60913705583755,322.21319796954316,683.5736040609137,181.9289340101523,1322.7411167512691,164.48223350253807,1124.7309644670052,698.3807106598985
203,404.3838383838384,133.3989898989899,146.14141414141415,314.4343434343434,689.5,183.07070707070707,1338.6363636363637,168.47979797979798,1140.8434343434344,703.3484848484849
204,382.59090909090907,138.93434343434345,145.86868686868686,301.1666666666667,687.1363636363636,188.61111111111111,1378.79797979798,167.63636363636363,1138.540404040404,723.3484848484849
205,359.725,138.505,146.86,286.655,675.23,187.345,1371.125,171.21,1130.22,743.075
206,341.3482587064677,130.75124378109453,148.5820895522388,281.29353233830847,693.8855721393035,185.83084577114428,1372.233830845771,169.03980099502488,1119.7363184079602,762.6417910447761
207,332.655,120.385,149.325,288.37,697.23,183.94,1349.74,165.035,1095.33,779.41
208,300.2807881773399,113.28571428571429,151.52216748768473,304.02463054187194,711.3645320197045,185.35467980295567,1287.576354679803,162.86699507389162,1035.1674876847292,795.7931034482758
209,273.76354679802955,110.35960591133005,158.26600985221674,306.4334975369458,735.5418719211823,181.69458128078819,1285.4926108374384,167.76847290640393,1010.4778325123152,809.3448275862069
210,244.59803921568627,108.01470588235294,157.57843137254903,296.921568627451,737.5588235294117,177.67156862745097,1305.9754901960785,166.69607843137254,984.9019607843137,814.2205882352941
211,220.0343137254902,102.65686274509804,157.2107843137255,271.2450980392157,732.8725490196078,179.0049019607843,1322.0539215686274,169.36764705882354,977.5294117647059,817.4362745098039
212,201.75980392156862,96.91176470588235,165.15686274509804,277.46078431372547,728.4509803921569,178.45098039215685,1321.5196078431372,182.7941176470588,960.6813725490196,821.2549019607843
213,185.44878048780487,93.65853658536585,168.9658536585366,287.9707317073171,751.380487804878,179.4731707317073,1297.2829268292683,182.74146341463415,933.6829268292682,812.5365853658536
214,165.03883495145632,89.98058252427184,176.45631067961165,304.90291262135923,769.2766990291262,182.0242718446602,1277.0825242718447,181.20873786407768,900.747572815534,804.8203883495146
215,153.24757281553397,89.80582524271844,184.29611650485438,303.378640776699,770.9126213592233,180.46601941747574,1279.6359223300972,178.05825242718447,874.0,796.8932038834952
216,136.85096153846155,86.75961538461539,183.64903846153845,312.0432692307692,777.5336538461538,176.73076923076923,1249.7067307692307,172.08173076923077,840.6875,775.375
217,129.58373205741626,86.2535885167464,189.02392344497608,307.6794258373206,807.0047846889952,178.39234449760767,1235.799043062201,172.57416267942583,821.8708133971292,749.2822966507177
218,124.55502392344498,86.72248803827752,197.0909090909091,320.3492822966507,839.7894736842105,180.70813397129186,1261.3397129186603,180.2200956937799,793.5980861244019,746.9665071770335
219,119.1047619047619,85.94761904761904,204.38571428571427,329.7857142857143,846.1142857142858,180.07619047619048,1283.104761904762,187.05238095238096,791.8142857142857,718.7190476190476
220,110.78365384615384,85.35576923076923,213.0096153846154,312.8173076923077,841.6346153846154,178.60096153846155,1279.2259615384614,188.78365384615384,766.7403846153846,708.3365384615385
221,107.77033492822966,86.69856459330144,220.755980861244,302.75598086124404,832.9473684210526,176.99043062200957,1246.8277511961724,186.2488038277512,733.755980861244,695.2822966507177
222,105.2822966507177,87.46411483253588,232.8755980861244,299.20574162679424,848.1961722488038,174.44976076555025,1244.2153110047848,197.5693779904306,725.6698564593302,683.0191387559809
223,104.92417061611374,87.4691943127962,242.56872037914692,301.09004739336496,855.9478672985782,173.76303317535545,1210.1042654028436,191.45023696682463,728.1563981042653,655.9431279620853
224,107.03791469194313,87.58767772511848,252.92890995260663,279.92890995260666,869.3601895734597,174.65402843601896,1219.090047393365,192.38388625592418,717.1943127962086,625.6919431279621
225,106.25471698113208,87.29245283018868,252.49056603773585,255.01415094339623,863.0330188679245,174.9433962264151,1210.4292452830189,197.73584905660377,653.188679245283,589.9716981132076
226,110.16981132075472,86.66509433962264,259.311320754717,246.60093896713616,860.4835680751173,173.42253521126761,1170.530516431925,196.1745283018868,640.244131455399,572.8262910798122
227,114.9622641509434,88.03301886792453,269.3207547169811,259.6839622641509,858.1792452830189,174.87735849056602,1162.4622641509434,193.75943396226415,637.5849056603773,563.2971698113207
228,120.52132701421802,84.34123222748815,280.8341232227488,253.11374407582937,865.175355450237,172.22748815165878,1196.7061611374409,200.66350710900474,605.085308056872,539.7345971563981
229,130.25118483412322,84.60663507109005,292.28909952606637,256.49289099526067,882.3933649289099,174.48815165876778,1191.7582938388625,204.07109004739337,598.568720379147,531.2085308056872
230,143.97156398104266,84.86255924170617,304.8436018957346,262.5924170616114,894.9289099526067,176.33649289099526,1165.0616113744077,198.91943127962085,572.1611374407582,539.2890995260664
231,161.53773584905662,84.78301886792453,314.9858490566038,260.62264150943395,893.566037735849,173.9433962264151,1130.2169811320755,191.1556603773585,545.1132075471698,516.6179245283018
232,180.5990566037736,84.80188679245283,320.2311320754717,274.9481132075472,899.4292452830189,173.75,1103.9716981132076,198.9433962264151,538.9056603773585,497.6792452830189
233,196.50943396226415,84.00471698113208,327.2169811320755,265.50943396226415,926.7122641509434,178.10849056603774,1095.0235849056603,206.33018867924528,515.0471698113207,486.3018867924528
234,216.08056872037915,85.77725118483413,340.50236966824644,267.66350710900474,954.5213270142181,179.84834123222748,1122.1848341232228,213.72985781990522,500.7867298578199,490.9905213270142
235,235.87203791469193,86.91469194312796,351.0521327014218,265.2654028436019,967.6492890995261,174.24644549763033,1146.9289099526065,219.50236966824644,483.70142180094786,484.2132701421801
236,266.77251184834125,86.81516587677726,357.46445497630333,273.2464454976303,989.0284360189573,175.30805687203792,1173.0426540284361,226.00947867298578,458.1611374407583,486.74407582938386
237,289.8056872037915,85.22274881516587,380.76777251184836,288.26066350710903,1006.4075829383886,178.59241706161137,1176.6350710900474,232.6824644549763,410.98104265402844,490.7630331753555
238,319.07582938388623,86.89573459715639,400.3222748815166,275.60663507109007,1022.5213270142181,185.72511848341233,1141.691943127962,234.23696682464455,392.28909952606637,487.3222748815166
239,356.6350710900474,88.86255924170617,417.4454976303318,262.9620853080569,1009.4360189573459,193.49289099526067,1116.9289099526065,233.39336492890996,386.13744075829385,473.7535545023697
240,403.3649289099526,87.23222748815166,432.3507109004739,260.8056872037915,1009.0284360189573,189.79146919431278,1128.6113744075828,231.25118483412322,379.22274881516586,471.26066350710903
241,440.6398104265403,85.62085308056872,438.3981042654028,274.0331753554502,1004.0995260663507,188.24644549763033,1153.8388625592418,230.53554502369667,357.34123222748815,475.37914691943126
242,467.8341232227488,85.18957345971565,457.4691943127962,286.01421800947867,1011.7725118483412,192.17061611374407,1177.436018957346,233.5165876777251,338.2037914691943,472.5687203791469
243,505.29047619047617,87.44285714285714,475.6714285714286,278.5238095238095,1061.4857142857143,197.38095238095238,1190.7285714285715,242.61428571428573,318.12857142857143,471.53333333333336
244,531.7761904761904,86.64761904761905,484.8809523809524,278.96190476190475,1083.0047619047618,203.98095238095237,1215.9142857142858,251.33333333333334,301.15714285714284,472.0285714285714
245,563.7857142857143,87.95714285714286,484.85714285714283,262.8809523809524,1066.2952380952381,209.27142857142857,1242.2095238095237,257.44761904761907,282.8619047619048,466.85238095238094
246,596.4928229665072,89.57416267942584,493.3205741626794,237.17224880382776,1029.267942583732,217.20095693779905,1274.6315789473683,262.8755980861244,263.94736842105266,463.8133971291866
247,613.1483253588517,89.27272727272727,506.0382775119617,238.91866028708134,1034.090909090909,233.74162679425837,1279.7416267942583,252.4641148325359,245.5311004784689,466.1626794258373
248,624.4258373205741,88.67464114832536,522.8755980861245,247.89952153110048,1058.0526315789473,244.96172248803828,1279.2870813397128,247.26794258373207,230.25837320574163,475.1531100478469
249,641.3875598086124,88.78947368421052,521.9808612440191,242.61244019138755,1048.956937799043,257.3349282296651,1304.598086124402,250.22488038277513,220.88995215311004,480.78468899521533
250,673.5336538461538,90.34615384615384,539.4182692307693,244.375,1028.2836538461538,275.34615384615387,1301.1201923076924,248.39423076923077,212.40865384615384,477.50961538461536
251,698.9130434782609,92.56038647342996,559.4541062801933,244.70048309178745,1042.7874396135267,290.96135265700485,1293.159420289855,250.46376811594203,204.83091787439614,475.4830917874396
252,717.6908212560387,91.59420289855072,568.5893719806763,239.95652173913044,1031.5265700483092,302.07729468599035,1270.6666666666667,256.7004830917874,199.65217391304347,486.231884057971
253,708.9710144927536,90.2463768115942,574.2028985507246,242.91787439613526,979.6908212560387,317.19323671497585,1242.304347826087,262.34299516908214,199.1352657004831,495.78743961352654
254,711.2753623188406,88.26086956521739,567.8695652173913,253.93719806763286,974.5990338164252,345.9903381642512,1243.5700483091787,272.5845410628019,202.04830917874395,502.5507246376812
255,704.6328502415458,89.25603864734299,562.6280193236715,257.93719806763283,1001.8405797101449,371.40579710144925,1262.463768115942,271.6280193236715,204.743961352657,512.0289855072464
256,701.8786407766991,91.64563106796116,566.0145631067961,251.2766990291262,1021.2184466019418,377.1650485436893,1289.8446601941748,255.79611650485438,199.3495145631068,514.1990291262136
257,697.2028985507246,90.02898550724638,577.9130434782609,257.536231884058,1014.5990338164252,387.77294685990336,1348.3140096618358,262.19806763285027,202.65700483091788,509.43961352657004
258,694.1407766990292,88.59708737864078,596.5339805825242,255.30582524271844,995.0873786407767,415.21844660194176,1392.6747572815534,273.873786407767,206.4757281553398,506.9611650485437
259,704.3106796116505,87.2378640776699,607.2912621359224,244.0242718446602,995.0631067961165,442.9854368932039,1373.7475728155339,270.9514563106796,208.25728155339806,504.1116504854369
260,708.1073170731707,86.80975609756098,619.3592233009708,231.0780487804878,984.8495145631068,447.18446601941747,1342.0873786407767,261.65533980582524,217.54854368932038,509.9126213592233
261,702.6911764705883,86.99509803921569,642.3235294117648,238.80882352941177,964.3921568627451,451.87254901960785,1326.7401960784314,272.9656862745098,230.66176470588235,512.2843137254902
262,663.0833333333334,88.05392156862744,651.4460784313726,258.45588235294116,962.9411764705883,457.828431372549,1263.7254901960785,275.7450980392157,243.63725490196077,529.4117647058823
263,646.4264705882352,87.00490196078431,658.0637254901961,244.3235294117647,987.75,470.40686274509807,1233.8970588235295,273.38235294117646,246.9313725490196,533.2254901960785
264,645.3793103448276,87.36453201970443,639.6453201970444,238.23152709359607,994.6847290640394,485.2216748768473,1250.8029556650247,264.0689655172414,254.44827586206895,517.3891625615763
265,628.3891625615763,87.08374384236453,625.4876847290641,225.3448275862069,960.0541871921182,499.8472906403941,1286.0738916256157,281.29556650246303,264.41379310344826,523.5911330049261
266,631.0199004975125,88.07960199004975,638.7114427860696,230.03482587064676,928.4228855721393,508.3880597014925,1307.129353233831,273.78109452736317,267.93532338308455,538.7064676616916
267,646.8358208955224,88.86069651741293,652.7910447761194,232.33830845771143,929.5074626865671,538.9850746268656,1293.4676616915424,279.02487562189054,279.4029850746269,549.223880597015
268,645.4129353233831,88.08457711442786,652.8706467661691,230.96517412935324,917.8756218905472,554.0149253731344,1251.7114427860697,280.4676616915423,290.4875621890547,568.6417910447761
269,616.1044776119403,87.01990049751244,658.7860696517413,220.62686567164178,910.0845771144278,563.5373134328358,1299.323383084577,265.25373134328356,302.5422885572139,549.4129353233831
270,602.17,87.595,664.64,219.04,930.995,576.32,1282.5,271.14,314.95,540.29
271,584.04,86.02,676.44,219.01,934.47,599.625,1275.97,289.745,322.515,536.165
272,558.66,83.65,681.12,205.59,914.365,607.285,1267.49,282.515,343.05,535.38
273,547.2525252525253,85.51515151515152,680.8131313131313,210.53535353535352,913.9191919191919,627.969696969697,1256.2373737373737,278.72222222222223,372.6868686868687,540.5505050505051
274,544.7106598984772,86.12182741116752,693.1218274111675,217.98984771573603,898.0862944162436,669.7969543147208,1272.228426395939,286.3705583756345,408.9187817258883,534.8781725888325
275,541.8984771573604,83.86294416243655,681.9593908629441,214.3502538071066,869.8426395939086,673.0964467005076,1286.8578680203045,289.15736040609136,424.7005076142132,524.0253807106599
276,512.5532994923858,83.5482233502538,688.5736040609137,218.69543147208122,798.0913705583756,642.1624365482234,1256.5888324873097,285.81218274111677,423.5431472081218,515.6548223350254
277,467.7551020408163,83.93367346938776,703.719387755102,219.58163265306123,751.75,633.0102040816327,1210.6224489795918,278.09183673469386,421.1020408163265,515.8061224489796
278,445.3469387755102,82.90306122448979,699.8214285714286,211.08163265306123,743.0102040816327,638.734693877551,1156.234693877551,266.9183673469388,428.53061224489795,521.6887755102041
279,435.03076923076924,83.2051282051282,679.1692307692308,217.95384615384614,740.774358974359,644.1743589743589,1132.574358974359,272.2564102564103,438.8051282051282,524.1179487179487
280,424.2680412371134,82.70618556701031,665.0360824742268,210.77835051546393,743.9587628865979,674.5824742268042,1156.4175257731958,290.7783505154639,471.9381443298969,525.0
281,411.5052083333333,83.90625,664.5572916666666,217.45833333333334,755.78125,700.9010416666666,1164.828125,307.4739583333333,515.0729166666666,528.5885416666666
282,392.5492227979275,82.32124352331606,680.6113989637306,206.70466321243524,765.7305699481865,708.3160621761658,1154.8808290155441,305.57512953367876,560.8860103626943,525.5647668393782
283,398.4041450777202,83.34715025906736,724.9067357512953,192.20725388601036,753.7823834196892,737.2642487046633,1160.8860103626944,304.0,603.7668393782384,514.6683937823834
284,402.3834196891192,84.68911917098445,748.0569948186528,194.59067357512953,734.098445595855,732.9689119170985,1137.9222797927462,302.2020725388601,639.3264248704663,502.91709844559585
285,396.85492227979273,84.07253886010362,769.6787564766839,202.01554404145077,686.7564766839379,705.958549222798,1081.0259067357513,301.4507772020725,676.4455958549223,502.55440414507774
286,385.3020833333333,85.02083333333333,760.125,210.21875,685.0208333333334,713.9479166666666,1040.3333333333333,308.4322916666667,711.1041666666666,513.9375
287,363.6165803108808,84.80829015544042,725.5544041450777,227.51295336787564,680.6735751295337,727.5544041450777,1033.0932642487046,307.14507772020727,729.6373056994819,519.5233160621761
288,341.0259067357513,84.61139896373057,704.4041450777202,206.97927461139898,641.5854922279793,708.5492227979274,1056.6528497409327,307.99481865284974,751.699481865285,515.0621761658031
289,350.6476683937824,86.02072538860104,695.0362694300518,190.68393782383419,619.259067357513,711.958549222798,1064.1347150259066,317.0673575129534,782.7098445595855,513.6269430051814
290,345.55670103092785,84.32642487046633,698.1494845360825,182.05154639175257,608.6288659793814,731.4690721649484,1058.3453608247423,324.7371134020619,837.9536082474227,514.5670103092783
291,346.3917525773196,83.8659793814433,726.8917525773196,205.2835051546392,603.4896907216495,761.2268041237113,1096.8350515463917,321.9845360824742,904.3711340206186,512.4381443298969
292,334.2307692307692,81.76923076923077,751.6307692307693,227.21025641025642,585.374358974359,753.2717948717949,1102.6717948717949,334.0,935.2,502.62051282051283
293,324.1333333333333,82.6974358974359,769.5025641025641,224.84102564102565,581.4205128205128,736.7692307692307,1029.246153846154,357.95384615384614,953.9948717948718,499.2974358974359
294,327.6666666666667,82.52820512820513,766.3641025641026,203.91794871794872,567.6923076923077,715.0820512820513,963.8410256410257,358.97435897435895,990.5794871794872,501.8871794871795
295,341.25128205128203,83.31282051282051,754.2820512820513,203.45128205128205,559.0051282051282,700.6410256410256,928.7589743589743,361.8615384615385,1009.3794871794872,508.20512820512823
296,337.3724489795918,83.22448979591837,735.6683673469388,204.6122448979592,548.2602040816327,694.8265306122449,912.6734693877551,358.35714285714283,1017.4030612244898,514.9234693877551
297,331.34183673469386,84.29081632653062,740.6173469387755,191.78571428571428,546.4081632653061,699.0561224489796,886.3469387755102,348.84183673469386,1046.607142857143,513.3469387755102
298,323.02030456852793,83.11675126903553,726.3045685279188,196.94416243654823,543.3502538071066,704.1979695431472,852.4162436548223,353.0812182741117,1091.6345177664975,513.1675126903554
299,318.0507614213198,85.50253807106598,717.5431472081218,203.51269035532994,535.994923857868,697.4010152284264,827.6192893401015,354.3096446700508,1157.1167512690356,514.7157360406092
300,321.449494949495,83.1969696969697,708.8686868686868,200.87878787878788,514.4191919191919,687.4747474747475,815.4343434343434,364.80808080808083,1228.8181818181818,508.14646464646466
301,336.550505050505,84.01515151515152,724.1565656565657,198.08585858585857,497.2979797979798,658.6515151515151,830.2373737373738,364.7878787878788,1293.328282828283,513.6969696969697
302,341.38693467336685,83.22613065326634,730.1155778894472,196.40201005025125,499.66331658291455,629.6231155778894,809.4522613065327,359.1105527638191,1294.572864321608,528.1306532663317
303,334.35858585858585,83.51515151515152,746.9494949494949,201.15151515151516,514.0808080808081,639.7878787878788,787.2020202020202,373.8838383838384,1273.439393939394,549.7626262626262
304,336.1206030150754,82.67336683417085,756.0301507537688,190.90452261306532,519.5276381909548,637.2964824120603,767.1356783919598,395.321608040201,1289.7989949748744,549.4070351758794
305,350.305,82.17,755.065,184.605,508.295,609.26,742.45,405.28,1316.055,559.07
306,354.72636815920396,82.23880597014926,752.2537313432836,184.27860696517413,494.40796019900495,581.8756218905472,708.5273631840796,397.05970149253733,1309.3333333333333,571.273631840796
307,347.95522388059703,83.02487562189054,756.0796019900497,185.48756218905473,505.7213930348259,593.9104477611941,668.1044776119403,409.18407960199005,1290.9651741293533,582.6318407960199
308,349.3514851485148,81.70792079207921,735.1633663366337,206.15841584158414,494.95544554455444,600.8069306930693,660.4554455445544,415.6039603960396,1308.3465346534654,593.9108910891089
309,351.1625615763547,81.63546798029557,719.8669950738916,217.5615763546798,493.5320197044335,601.7783251231527,695.6995073891626,445.11330049261085,1325.103448275862,627.5714285714286
310,365.9261083743842,82.69950738916256,718.448275862069,203.67487684729065,485.4926108374384,578.7339901477833,693.6305418719212,457.4679802955665,1313.6995073891626,669.0147783251232
311,361.1268292682927,83.97560975609755,730.0341463414634,198.8,489.7268292682927,564.180487804878,662.4,445.8243902439024,1294.7170731707317,710.4926829268293
312,361.99024390243903,83.8,736.9365853658536,195.73170731707316,482.4878048780488,508.74634146341464,630.8048780487804,448.81951219512194,1265.409756097561,731.4878048780488
313,351.1990291262136,84.12621359223301,741.9271844660194,194.48543689320388,468.65533980582524,481.94174757281553,608.9077669902913,452.99514563106794,1224.985436893204,729.2669902912621
314,345.6796116504854,83.79126213592232,746.9708737864078,205.89320388349515,469.06310679611653,494.2864077669903,590.7766990291262,457.1796116504854,1189.1650485436894,737.0970873786408
315,334.252427184466,82.98058252427184,745.6019417475728,209.6990291262136,471.79126213592235,468.24271844660194,591.1699029126214,460.9514563106796,1174.1650485436894,751.4320388349514
316,328.0485436893204,81.99514563106796,746.6310679611651,206.40776699029126,472.24271844660194,455.247572815534,597.0631067961165,483.6650485436893,1186.985436893204,776.5825242718447
317,315.7487922705314,81.29951690821257,747.3429951690821,216.30434782608697,470.0048309178744,456.57487922705315,601.0531400966183,504.7536231884058,1129.9082125603866,795.1062801932367
318,313.82296650717706,83.23923444976077,749.6698564593302,205.4019138755981,477.61722488038276,424.82296650717706,584.6315789473684,525.3732057416267,1031.0574162679425,779.3253588516747
319,303.94736842105266,84.55023923444976,756.1818181818181,194.9043062200957,471.7177033492823,394.95215311004785,550.0334928229665,543.4784688995215,983.8803827751196,813.0813397129186
320,290.48571428571427,83.85238095238095,765.6809523809524,185.02857142857144,470.45238095238096,376.56190476190477,522.7857142857143,560.547619047619,928.3666666666667,823.5619047619048
321,276.33809523809526,83.18571428571428,753.052380952381,184.05238095238096,472.2047619047619,368.9952380952381,503.1190476190476,561.995238095238,885.2142857142857,833.3904761904762
322,261.1952380952381,82.23809523809524,729.6952380952381,186.98095238095237,476.15238095238095,363.76190476190476,506.4,579.4666666666667,876.0809523809523,850.2761904761904
323,248.38388625592418,82.1090047393365,711.8672985781991,188.49289099526067,477.5734597156398,343.3080568720379,496.65876777251185,595.1469194312796,854.9194312796209,874.7867298578199
324,232.95754716981133,82.01886792452831,717.3867924528302,189.9811320754717,489.74056603773585,331.5188679245283,475.50471698113205,599.4575471698113,802.183962264151,887.3301886792453
325,222.91079812206573,83.2394366197183,728.7136150234742,198.5211267605634,498.0281690140845,319.3474178403756,453.78403755868544,593.5586854460093,759.8732394366198,880.7793427230047
326,219.94859813084113,83.75233644859813,756.7149532710281,214.61214953271028,494.1775700934579,312.6355140186916,449.8317757009346,598.5654205607476,731.7476635514018,852.2897196261682
327,219.30373831775702,82.48130841121495,769.3457943925233,216.99065420560748,480.10280373831773,302.8130841121495,413.0140186915888,587.5607476635514,713.5420560747664,838.1682242990654
328,216.11682242990653,83.09813084112149,752.9859813084112,210.5467289719626,470.13084112149534,299.89252336448595,425.0607476635514,590.0046728971963,712.481308411215,829.3364485981308
329,213.44392523364485,82.72897196261682,728.4345794392524,205.5373831775701,480.2196261682243,303.2289719626168,449.22429906542055,600.411214953271,707.4626168224299,838.3598130841121
330,208.28504672897196,84.03738317757009,699.9579439252336,188.4018691588785,494.82710280373834,300.92056074766356,468.9672897196262,627.9766355140187,702.607476635514,852.696261682243
331,212.8177570093458,83.32710280373831,690.9766355140187,191.61214953271028,491.9299065420561,296.23364485981307,470.4392523364486,654.6915887850467,673.9065420560747,853.8831775700935
332,227.45794392523365,83.27102803738318,713.5467289719626,191.51869158878506,492.32710280373834,294.9299065420561,452.4579439252336,687.696261682243,612.1308411214953,834.7476635514018
333,236.41666666666666,83.07870370370371,737.9351851851852,185.12962962962962,481.94444444444446,291.4212962962963,413.712962962963,660.2592592592592,547.7962962962963,780.9398148148148
334,241.63425925925927,83.87037037037037,741.1898148148148,180.95833333333334,475.8888888888889,294.6111111111111,388.39814814814815,631.8472222222222,509.6388888888889,758.3425925925926
335,248.57407407407408,83.25462962962963,736.0185185185185,195.9814814814815,490.4953703703704,307.30555555555554,364.837962962963,616.8055555555555,484.0138888888889,749.4583333333334
336,244.21759259259258,83.60185185185185,727.6157407407408,201.57407407407408,507.61574074074076,316.7453703703704,344.1296296296296,610.2268518518518,468.5462962962963,745.1435185185185
337,255.5720930232558,83.90697674418605,700.1860465116279,192.10697674418606,508.53953488372093,321.73023255813956,350.9813953488372,655.446511627907,453.4186046511628,737.3209302325581
338,265.3302325581395,83.23720930232558,659.9581395348837,178.28372093023256,514.3302325581395,329.13488372093025,364.92558139534884,696.0093023255814,432.3209302325581,704.660465116279
339,258.3720930232558,83.06511627906977,652.3581395348838,193.7767441860465,513.1813953488372,344.89302325581394,360.31162790697675,707.0325581395349,414.1488372093023,677.046511627907
340,271.40277777777777,83.46296296296296,653.949074074074,204.84259259259258,508.59722222222223,351.0046296296296,352.9490740740741,728.4305555555555,390.94444444444446,661.5138888888889
341,291.94444444444446,84.09722222222223,668.5694444444445,210.1898148148148,515.6527777777778,354.31944444444446,351.89814814814815,753.2037037037037,355.43055555555554,642.6574074074074
342,306.64516129032256,83.3594470046083,680.8847926267281,198.68663594470047,518.2488479262673,358.29953917050693,336.1889400921659,742.516129032258,342.2488479262673,610.4562211981566
343,328.91705069124424,82.43778801843318,693.7327188940092,190.56221198156683,515.0599078341014,352.16129032258067,309.78801843317973,725.7281105990784,350.01382488479265,591.4285714285714
344,352.64516129032256,82.84331797235023,687.2119815668203,190.56221198156683,529.4147465437788,358.62672811059906,305.7142857142857,721.483870967742,361.4377880184332,578.036866359447
345,363.66359447004606,83.07373271889401,664.2442396313364,183.63594470046084,534.8986175115207,363.95391705069125,313.815668202765,721.7695852534562,350.147465437788,566.2119815668203
346,362.5253456221198,82.04147465437788,637.0138248847926,191.41935483870967,556.552995391705,363.93087557603684,316.7235023041475,736.5299539170506,350.3225806451613,553.0460829493088
347,369.2350230414747,82.11981566820276,613.557603686636,203.05990783410138,556.4608294930875,394.2764976958525,310.73732718894007,748.6774193548387,351.6175115207373,540.9447004608295
348,382.15277777777777,82.89814814814815,606.3148148148148,209.53240740740742,547.1527777777778,407.1388888888889,300.7962962962963,762.9814814814815,366.662037037037,532.8981481481482
349,404.7638888888889,84.61111111111111,616.7685185185185,219.2962962962963,537.0787037037037,414.06944444444446,286.50925925925924,778.6018518518518,389.97685185185185,517.9120370370371
350,391.94444444444446,82.88888888888889,632.5231481481482,220.90277777777777,528.6481481481482,416.0740740740741,274.8611111111111,768.5601851851852,389.1666666666667,502.35648148148147
351,392.287037037037,82.91666666666667,624.1157407407408,226.24074074074073,523.3796296296297,425.39814814814815,271.0416666666667,756.4861111111111,383.3333333333333,482.89814814814815
352,396.1990740740741,83.11111111111111,601.6574074074074,228.29166666666666,525.6944444444445,456.8796296296296,261.0462962962963,757.4212962962963,383.5833333333333,486.60185185185185
353,404.5462962962963,82.93055555555556,574.0046296296297,217.49074074074073,541.6851851851852,474.89814814814815,257.125,737.9861111111111,394.75925925925924,485.81018518518516
354,422.69444444444446,83.85648148148148,559.800925925926,186.48611111111111,554.6666666666666,489.74074074074076,258.1759259259259,754.4398148148148,399.287037037037,487.6574074074074
355,443.19444444444446,82.70833333333333,542.7546296296297,181.90277777777777,565.7407407407408,493.47222222222223,262.65277777777777,785.1157407407408,406.587962962963,496.15277777777777
356,448.09722222222223,82.22685185185185,532.6435185185185,189.0,572.2175925925926,520.8842592592592,259.462962962963,804.2268518518518,419.0416666666667,490.4166666666667
357,439.6958525345622,81.66359447004608,526.1059907834101,192.4147465437788,563.3133640552995,522.557603686636,264.5115207373272,793.6359447004609,437.51612903225805,487.05069124423966
358,441.49769585253455,83.2073732718894,537.6543778801844,194.52534562211983,540.852534562212,502.99078341013825,247.8294930875576,780.516129032258,459.741935483871,470.1705069124424
359,440.8232558139535,82.06944444444444,541.5462962962963,192.28240740740742,538.6435185185185,500.8333333333333,233.24537037037038,753.7546296296297,472.81018518518516,448.43981481481484
360,459.0186046511628,81.61860465116278,528.3953488372093,188.31162790697675,558.3348837209302,516.9441860465116,233.24651162790698,747.0325581395349,498.47441860465113,439.48837209302326
361,449.07441860465116,82.33023255813953,500.8046511627907,181.08372093023254,579.6232558139535,545.8418604651163,241.8093023255814,776.6837209302325,519.2976744186046,442.47441860465113
362,449.76635514018693,84.03271028037383,498.93457943925233,186.3644859813084,588.6915887850467,579.8177570093458,245.70093457943926,787.126168224299,559.088785046729,455.75233644859816
363,454.196261682243,84.19626168224299,491.1542056074766,182.7429906542056,579.7943925233645,588.4485981308411,235.05140186915887,798.8271028037383,600.7803738317757,455.5607476635514
364,474.0327102803738,82.58878504672897,484.73364485981307,170.6355140186916,565.1214953271028,581.3364485981308,224.7429906542056,791.1728971962617,623.1495327102804,454.2056074766355
365,486.5607476635514,83.58878504672897,472.45327102803736,174.69626168224298,558.3224299065421,580.7383177570093,216.0373831775701,770.8785046728972,658.6822429906542,445.0514018691589
366,477.44392523364485,84.14018691588785,473.3738317757009,178.64953271028037,553.5934579439253,580.0514018691589,216.8644859813084,767.9439252336449,706.4485981308411,445.32710280373834
367,473.8738317757009,83.80373831775701,471.5233644859813,181.30841121495328,555.8271028037383,584.4158878504672,215.21495327102804,772.5093457943925,727.7897196261682,442.58878504672896
368,476.92957746478874,84.48356807511738,475.34272300469485,186.1267605633803,571.2629107981221,583.1220657276996,211.1032863849765,778.2018779342723,743.0985915492957,444.8967136150235
369,462.81220657277,82.69483568075117,477.7042253521127,180.7605633802817,565.9107981220657,588.4413145539907,206.07511737089203,779.5727699530516,764.5915492957746,437.75586854460096
370,443.73933649289097,83.12796208530806,478.6777251184834,168.35071090047393,544.8767772511849,610.3317535545024,208.53554502369667,797.1563981042653,804.4691943127962,434.38388625592415
371,426.62085308056874,82.86255924170617,460.91469194312793,160.8009478672986,530.3554502369668,610.914691943128,208.75829383886256,826.2890995260664,834.1327014218009,436.01895734597156
372,418.7952380952381,83.1952380952381,432.68095238095236,170.22380952380954,541.2619047619048,609.1190476190476,200.6952380952381,841.8523809523809,893.7571428571429,436.6047619047619
373,440.752380952381,82.47619047619048,426.23809523809524,171.22857142857143,571.7523809523809,619.552380952381,193.88571428571427,842.047619047619,931.2761904761904,440.0285714285714
374,458.1047619047619,81.53333333333333,425.45238095238096,178.95714285714286,572.9714285714285,617.5190476190476,193.04285714285714,854.0571428571428,969.5761904761905,433.9904761904762
375,455.8133971291866,82.3444976076555,419.9952153110048,187.39234449760767,554.9569377990431,621.7033492822967,195.10047846889952,854.665071770335,975.6315789473684,437.311004784689
376,456.8995215311005,84.50239234449761,409.00956937799043,185.54066985645932,556.7081339712919,636.4928229665072,196.29186602870814,851.976076555024,982.4641148325359,435.8373205741627
377,451.35885167464113,84.13875598086125,404.688995215311,176.45933014354068,568.6937799043062,654.8995215311005,201.4066985645933,869.8708133971292,1019.0334928229665,436.0430622009569
378,448.6363636363636,81.99043062200957,399.53588516746413,174.1578947368421,573.5167464114833,642.4162679425838,205.77033492822966,913.6985645933014,1076.5406698564593,440.39234449760767
379,456.04347826086956,82.81642512077295,398.32367149758454,175.33816425120773,552.9323671497584,628.1884057971015,206.60386473429952,942.671497584541,1121.4009661835748,446.6328502415459
380,457.4126213592233,83.61650485436893,406.5339805825243,176.0,537.7961165048544,618.4126213592233,207.29611650485438,933.0582524271845,1124.8349514563106,454.07766990291265
381,459.4757281553398,84.48058252427184,407.3932038834951,183.75242718446603,544.1019417475728,607.1359223300971,204.90291262135923,897.7087378640776,1105.3592233009708,457.373786407767
382,448.70873786407765,84.04368932038835,402.2281553398058,200.11165048543688,537.9854368932039,616.5582524271845,203.9126213592233,863.4854368932039,1100.131067961165,457.81553398058253
383,443.1456310679612,84.02912621359224,395.8932038834951,204.9271844660194,530.4660194174758,610.495145631068,205.36893203883494,836.9708737864078,1125.368932038835,452.83009708737865
384,456.27669902912623,81.99029126213593,391.9514563106796,205.20873786407768,523.4077669902913,581.8446601941747,206.78155339805826,836.3349514563107,1158.0728155339805,455.2378640776699
385,449.0243902439024,82.93658536585366,387.6780487804878,195.78536585365853,525.2829268292683,599.9024390243902,206.11707317073171,865.619512195122,1189.1317073170733,454.1268292682927
386,424.6127450980392,86.42156862745098,383.94607843137254,184.05392156862746,522.343137254902,594.406862745098,202.36274509803923,905.8333333333334,1249.3431372549019,457.1617647058824
387,414.70588235294116,84.22549019607843,372.4656862745098,189.80392156862746,503.8529411764706,600.9558823529412,195.5392156862745,927.5539215686274,1293.4411764705883,470.7843137254902
388,393.73267326732673,82.8069306930693,370.85643564356434,189.36633663366337,495.9009900990099,589.6138613861386,191.6138613861386,949.1881188118812,1325.3366336633662,480.63366336633663
389,374.64356435643566,81.71782178217822,371.1831683168317,186.5742574257426,486.83168316831683,572.0297029702971,189.59405940594058,953.2623762376238,1330.3564356435643,496.4009900990099
390,363.61386138613864,81.72277227722772,371.2227722772277,190.4257425742574,516.2673267326733,573.4702970297029,187.1980198019802,924.6485148514852,1294.118811881188,511.2524752475247
391,351.1741293532338,83.46268656716418,354.4306930693069,189.8118811881188,507.980198019802,574.960396039604,185.75621890547265,925.2920792079208,1264.5594059405942,517.9207920792079
392,352.55721393034827,83.6318407960199,337.2985074626866,183.16417910447763,501.48258706467664,560.7661691542288,188.34825870646767,924.0746268656717,1276.039800995025,525.6965174129353
393,341.0845771144279,82.75621890547264,333.90547263681594,175.59701492537314,510.8756218905473,552.8706467661691,186.0597014925373,915.4626865671642,1294.681592039801,534.4228855721393
394,339.53731343283584,82.65174129353234,325.6467661691542,173.0597014925373,500.681592039801,552.7412935323383,180.97014925373134,917.2288557213931,1306.9452736318408,545.3781094527363
395,350.02525252525254,83.52020202020202,323.1060606060606,174.2979797979798,485.56281407035175,551.7236180904523,183.010101010101,930.5656565656566,1310.7286432160804,559.105527638191
396,344.83673469387753,82.61224489795919,316.984693877551,171.05612244897958,493.3673469387755,548.1326530612245,183.09183673469389,921.8214285714286,1313.607142857143,573.9387755102041
397,328.39285714285717,82.58163265306122,315.21938775510205,171.3112244897959,501.1173469387755,546.5663265306123,180.6173469387755,941.2244897959183,1305.8469387755101,565.5663265306123
398,321.76020408163265,82.96938775510205,321.8265306122449,169.39285714285714,491.7857142857143,529.2704081632653,178.85204081632654,968.7755102040817,1313.3061224489795,576.5051020408164
399,317.53846153846155,83.37948717948719,321.62051282051283,169.76923076923077,486.4153846153846,533.8358974358974,177.55897435897435,981.9333333333333,1338.4102564102564,590.2
400,320.95384615384614,83.94871794871794,313.38461538461536,172.37435897435898,487.0820512820513,537.5384615384615,182.82051282051282,979.276923076923,1343.8153846153846,606.7076923076924
401,340.1340206185567,83.52577319587628,295.6082474226804,166.73711340206185,494.3659793814433,534.8453608247422,182.99484536082474,946.5515463917526,1300.3969072164948,632.340206185567
402,356.10362694300517,83.3678756476684,283.6580310880829,171.39378238341968,491.98445595854923,511.2383419689119,177.84974093264248,947.4145077720207,1286.7098445595855,625.3626943005181
403,338.8020833333333,83.51041666666667,284.390625,170.77083333333334,503.0677083333333,493.5208333333333,177.83333333333334,960.2604166666666,1227.3020833333333,622.6822916666666
404,306.6875,82.296875,278.703125,167.02083333333334,512.1145833333334,494.8541666666667,178.29166666666666,919.828125,1152.671875,626.2135416666666
405,288.984126984127,84.24867724867725,276.1111111111111,172.1904761904762,514.7407407407408,491.30687830687833,173.2010582010582,889.1428571428571,1119.9100529100529,652.0370370370371
406,274.8412698412698,83.07936507936508,272.24867724867727,180.15343915343917,502.29100529100526,489.85185185185185,169.6984126984127,924.4285714285714,1106.0899470899471,660.3227513227513
407,270.8936170212766,82.63297872340425,262.23936170212767,184.5212765957447,491.1436170212766,496.38829787234044,165.91489361702128,943.0904255319149,1112.2925531914893,666.6489361702128
408,284.9572192513369,83.4812834224599,257.2513368983957,189.8235294117647,504.6898395721925,494.11764705882354,167.86631016042782,957.4598930481284,1104.4545454545455,680.1390374331551
409,283.505376344086,85.03763440860214,251.6021505376344,186.7741935483871,514.7096774193549,470.3494623655914,165.86559139784947,948.0268817204301,1096.6075268817203,687.8333333333334
410,288.4108108108108,84.8108108108108,246.85945945945946,183.5243243243243,505.1081081081081,444.76756756756754,165.23243243243243,949.5405405405405,1067.3567567567568,698.2054054054054
411,287.1521739130435,85.10326086956522,248.35326086956522,185.08695652173913,503.6576086956522,428.2771739130435,163.2608695652174,927.9130434782609,1042.945652173913,704.4565217391304
412,280.39890710382514,85.5792349726776,253.15300546448088,185.36065573770492,495.2295081967213,434.14207650273227,161.91803278688525,945.0,1010.5464480874317,691.4918032786885
413,273.8121546961326,86.3646408839779,250.3314917127072,187.12154696132598,486.95580110497235,447.0552486187845,160.1878453038674,922.2707182320441,995.9834254143647,688.5911602209944
414,266.4696132596685,85.04419889502762,238.292817679558,186.22651933701658,487.89502762430936,436.78453038674036,158.5303867403315,886.414364640884,987.2044198895028,693.3756906077348
415,263.01675977653633,84.4804469273743,230.54748603351956,188.0949720670391,501.2849162011173,431.3184357541899,159.9385474860335,886.8770949720671,987.7821229050279,700.7094972067039
416,249.40782122905028,85.06703910614524,226.06703910614524,191.6145251396648,516.2178770949721,424.4413407821229,155.68156424581005,882.608938547486,981.7430167597765,682.1173184357542
417,251.125,85.02272727272727,229.4943181818182,183.5284090909091,531.1136363636364,411.22727272727275,161.98295454545453,944.9034090909091,947.1704545454545,693.5738636363636
418,249.6931818181818,83.85227272727273,223.42613636363637,171.875,531.0965909090909,415.5113636363636,165.89772727272728,944.2784090909091,903.8693181818181,710.1590909090909
419,241.43428571428572,85.28571428571429,216.75428571428571,164.41714285714286,521.9771428571429,423.3828571428571,165.16,931.4628571428572,875.6114285714285,725.7257142857143
420,237.06896551724137,84.33908045977012,215.52298850574712,160.06896551724137,506.2988505747126,411.7758620689655,172.367816091954,930.2701149425287,840.8103448275862,742.2873563218391
421,248.30057803468208,81.79768786127168,210.34104046242774,171.47976878612718,512.606936416185,396.9248554913295,164.79190751445086,960.0346820809249,845.7803468208092,751.5780346820809
422,265.20348837209303,80.94186046511628,205.96511627906978,174.97674418604652,535.5697674418604,405.1744186046512,162.97093023255815,964.2674418604652,854.5058139534884,757.7209302325581
423,261.07602339181284,82.60233918128655,206.45029239766083,174.4327485380117,562.5906432748538,409.280701754386,164.02923976608187,973.140350877193,833.4736842105264,756.327485380117
424,255.74117647058824,83.04705882352941,205.05882352941177,190.0529411764706,548.3176470588236,401.1411764705882,164.38823529411764,999.5117647058823,822.2058823529412,749.6764705882352
425,247.93491124260356,82.00591715976331,200.98224852071007,197.46745562130178,525.2248520710059,384.08284023668637,163.22485207100593,983.4023668639053,758.112426035503,758.2721893491124
426,250.5297619047619,83.30952380952381,201.4702380952381,188.22619047619048,524.0297619047619,367.8333333333333,162.7202380952381,983.9642857142857,680.5595238095239,768.7857142857143
427,267.8443113772455,85.06586826347305,201.16167664670658,175.2874251497006,517.3173652694611,348.1497005988024,160.48502994011977,944.4670658682635,630.1437125748503,760.3532934131737
428,272.6706586826347,84.0,197.94610778443115,175.35329341317365,502.5149700598802,338.5988023952096,156.5868263473054,920.2395209580839,591.6526946107784,757.7005988023952
429,287.2865853658537,85.35975609756098,197.9451219512195,175.640243902439,533.390243902439,349.3658536585366,154.34146341463415,912.5426829268292,583.1341463414634,763.0914634146342
430,277.2865853658537,83.70121951219512,196.0548780487805,176.1280487804878,559.2378048780488,347.1646341463415,154.14634146341464,931.1280487804878,576.4878048780488,754.9512195121952
431,268.71604938271605,83.61728395061728,192.90123456790124,176.69753086419752,568.5061728395061,336.037037037037,157.69753086419752,951.8024691358024,557.0123456790124,767.8271604938271
432,280.28395061728395,82.6358024691358,185.08641975308643,186.82716049382717,563.216049382716,322.24691358024694,159.85802469135803,947.4320987654321,527.0987654320987,768.0432098765432
433,288.58125,82.98125,189.14375,179.20625,551.94375,309.075,158.0,969.45625,505.3375,776.60625
434,282.1823899371069,85.74213836477988,187.22641509433961,165.55345911949686,550.1635220125786,310.0314465408805,154.0503144654088,953.6415094339623,486.1320754716981,770.5723270440252
435,267.312101910828,83.51592356687898,181.10828025477707,161.35668789808918,557.375796178344,321.8789808917197,148.3375796178344,935.1910828025477,465.54140127388536,749.1910828025477
436,255.0448717948718,83.31410256410257,179.02564102564102,170.64102564102564,552.9102564102565,312.55128205128204,147.60256410256412,928.5320512820513,436.7628205128205,732.4871794871794
437,259.0258064516129,84.0516129032258,178.13548387096773,180.83870967741936,541.0451612903225,306.8258064516129,146.26451612903224,894.6129032258065,405.2258064516129,722.3225806451613
438,270.47402597402595,82.99350649350649,179.5974025974026,180.1103896103896,533.974025974026,305.54545454545456,145.6883116883117,866.1493506493506,389.88961038961037,723.9155844155844
439,289.65359477124184,85.0326797385621,177.5032679738562,174.4313725490196,542.8562091503268,299.6666666666667,147.27450980392157,866.8169934640523,375.2352941176471,748.1699346405229
440,291.2828947368421,85.17763157894737,173.60526315789474,180.1578947368421,549.421052631579,291.0657894736842,146.55263157894737,873.7105263157895,365.26973684210526,739.0131578947369
441,285.9139072847682,84.33774834437087,167.33112582781456,180.97350993377484,557.0463576158941,281.9337748344371,146.4569536423841,849.8344370860927,351.5430463576159,704.1788079470199
442,285.5133333333333,83.45333333333333,162.64666666666668,181.22666666666666,550.96,277.00666666666666,147.52,810.3266666666667,339.67333333333335,676.5066666666667
443,289.9183673469388,83.97278911564626,162.35374149659864,181.59183673469389,537.3605442176871,271.2448979591837,148.2312925170068,796.530612244898,318.01360544217687,687.3945578231293
444,281.21232876712327,85.23972602739725,163.56164383561645,171.08219178082192,524.8904109589041,270.1917808219178,146.7123287671233,796.7739726027397,324.2671232876712,681.7739726027397
445,260.4344827586207,85.37931034482759,166.15172413793104,167.01379310344828,530.2,273.6965517241379,144.90344827586208,801.2413793103449,327.6413793103448,680.4068965517241
446,248.73426573426573,85.99300699300699,167.7972027972028,183.64335664335664,550.0769230769231,277.3916083916084,147.1958041958042,803.1748251748252,325.56643356643355,678.4055944055945
447,256.6923076923077,86.46853146853147,164.53846153846155,191.13286713286712,552.4265734265734,278.993006993007,147.30769230769232,804.1748251748252,329.38461538461536,660.2167832167833
448,261.8936170212766,85.47517730496453,162.6241134751773,186.1631205673759,546.6524822695036,272.59574468085106,147.36879432624113,786.6028368794326,335.7588652482269,649.0567375886525
449,256.92907801418437,86.78014184397163,161.31205673758865,173.3049645390071,508.63829787234044,264.40425531914894,144.9078014184397,748.6099290780141,330.9645390070922,615.3049645390071
450,258.7826086956522,85.9927536231884,160.41007194244605,165.3985507246377,494.7769784172662,261.51079136690646,146.3768115942029,739.6187050359712,321.38129496402877,613.841726618705
451,262.0514705882353,84.94852941176471,161.39705882352942,181.15441176470588,513.0955882352941,263.3602941176471,148.125,742.0441176470588,323.93382352941177,632.3382352941177
452,261.9117647058824,82.2720588235294,158.0808823529412,189.56617647058823,514.0882352941177,272.30882352941177,145.8235294117647,733.3529411764706,319.8529411764706,614.7426470588235
453,247.7910447761194,84.29850746268657,156.96268656716418,190.03731343283582,515.2611940298508,273.3059701492537,146.63432835820896,737.4104477611941,318.94029850746267,623.7014925373135
454,229.4179104477612,86.61194029850746,158.9402985074627,190.7537313432836,525.1641791044776,269.0074626865672,143.955223880597,732.4328358208955,308.7686567164179,611.4029850746268
455,214.0,86.6590909090909,160.3409090909091,196.27272727272728,521.9090909090909,267.49242424242425,142.87878787878788,725.3409090909091,293.8030303030303,584.4848484848485
456,208.83333333333334,84.26515151515152,155.50757575757575,195.7651515151515,518.4318181818181,261.9015151515151,140.5,692.8712121212121,276.49242424242425,564.1136363636364
457,211.9923076923077,85.96153846153847,151.73076923076923,187.51538461538462,529.7692307692307,248.72307692307692,141.66923076923078,675.3923076923077,266.44615384615383,556.8153846153846
458,213.42635658914728,84.52713178294573,147.95348837209303,175.68992248062017,524.7054263565891,248.43410852713177,145.96124031007753,669.5116279069767,261.8217054263566,563.9767441860465
459,211.31782945736435,84.9922480620155,145.93798449612405,169.64341085271317,516.4186046511628,242.88372093023256,146.92248062015503,669.1937984496124,258.74418604651163,562.1085271317829
460,211.5891472868217,85.5813953488372,146.5503875968992,178.48062015503876,494.84496124031006,238.7829457364341,144.96124031007753,627.6666666666666,252.1860465116279,548.9922480620155
461,211.75590551181102,87.41732283464567,145.6535433070866,188.4488188976378,489.59842519685037,236.17322834645668,145.50393700787401,611.3937007874016,246.01574803149606,534.8661417322835
462,214.304,88.192,144.128,190.648,487.6984126984127,243.26190476190476,142.896,627.6666666666666,258.3968253968254,516.4603174603175
463,215.6290322580645,85.71774193548387,141.76612903225808,185.3709677419355,501.7983870967742,256.9596774193548,141.44354838709677,662.3709677419355,265.80645161290323,511.80645161290323
464,200.45528455284554,83.91869918699187,140.27642276422765,199.91869918699186,472.4634146341463,240.6341463414634,141.96747967479675,682.0813008130082,249.0,503.2113821138211
465,207.64462809917356,83.91735537190083,140.4214876033058,213.03305785123968,463.3471074380165,225.91735537190084,143.84297520661158,679.4380165289256,228.08264462809916,505.2396694214876
466,221.56302521008402,84.74789915966386,140.42857142857142,215.58823529411765,474.65546218487395,223.32773109243698,135.19327731092437,603.546218487395,217.8655462184874,499.03361344537814
467,221.1949152542373,85.30508474576271,139.16949152542372,221.21186440677965,483.45762711864404,230.02542372881356,131.96610169491527,575.2457627118644,208.53389830508473,498.39830508474574
468,216.19827586206895,84.01724137931035,138.8706896551724,232.8793103448276,480.16379310344826,223.43103448275863,131.7844827586207,615.7586206896551,200.47413793103448,500.07758620689657
469,201.48245614035088,87.79824561403508,137.43859649122808,237.03508771929825,458.05263157894734,213.2719298245614,133.92105263157896,588.9824561403509,197.640350877193,497.0877192982456
470,195.4375,88.07142857142857,137.34821428571428,211.66071428571428,437.44642857142856,217.52678571428572,131.69642857142858,544.9285714285714,194.42857142857142,483.35714285714283
471,197.13513513513513,84.54954954954955,136.1081081081081,196.56756756756758,432.72072072072075,227.0810810810811,131.63963963963963,551.2882882882883,194.2972972972973,467.60360360360363
472,194.87155963302752,87.6697247706422,136.73394495412845,210.1559633027523,437.04587155963304,229.56880733944953,130.88990825688074,543.0733944954128,196.14678899082568,466.91743119266056
473,180.5045871559633,84.12844036697248,136.61467889908258,214.88990825688074,419.0,209.37614678899084,128.8440366972477,506.10091743119267,185.54128440366972,450.27522935779814
474,177.82075471698113,83.49056603773585,135.9433962264151,217.81132075471697,379.5566037735849,207.02830188679246,128.66981132075472,499.75471698113205,176.6509433962264,426.29245283018867
475,180.05882352941177,85.05882352941177,131.99019607843138,242.91176470588235,359.11764705882354,206.7941176470588,123.44117647058823,481.05882352941177,173.3235294117647,411.04901960784315
476,175.06,83.77,125.85,242.17,345.33,201.13,116.56,440.47,163.41,393.84
477,164.94845360824743,83.41237113402062,126.5979381443299,222.38144329896906,339.7319587628866,206.6701030927835,116.24742268041237,438.4329896907216,157.38144329896906,391.7938144329897
478,142.64893617021278,82.65957446808511,126.65957446808511,217.79787234042553,318.27659574468083,203.10638297872342,115.63829787234043,432.06382978723406,152.4468085106383,378.36170212765956
479,137.52747252747253,82.81318681318682,127.03296703296704,204.6153846153846,307.0,200.16483516483515,115.71428571428571,417.72527472527474,153.1978021978022,376.38461538461536
480,136.8409090909091,84.85227272727273,125.79545454545455,178.9659090909091,311.29545454545456,201.0909090909091,114.94318181818181,400.71590909090907,155.39772727272728,373.85227272727275
481,131.47619047619048,85.45238095238095,122.26190476190476,172.0595238095238,327.5357142857143,204.28571428571428,117.1547619047619,421.79761904761904,157.1904761904762,374.17857142857144
482,128.50617283950618,85.8641975308642,118.70370370370371,179.55555555555554,338.4567901234568,204.85185185185185,118.77777777777777,446.98765432098764,152.91358024691357,365.2345679012346
483,130.59493670886076,82.9493670886076,116.92405063291139,180.9493670886076,340.63291139240505,204.64556962025316,116.81012658227849,423.7721518987342,155.79746835443038,367.1518987341772
484,136.03947368421052,83.72368421052632,115.84210526315789,164.53947368421052,332.17105263157896,200.5921052631579,115.90789473684211,410.5263157894737,157.75,365.0394736842105
485,132.35135135135135,83.01351351351352,115.29729729729729,144.83783783783784,325.4189189189189,201.51351351351352,120.28378378378379,424.0135135135135,152.47297297297297,365.2837837837838
486,122.09722222222223,81.19444444444444,113.11111111111111,128.97222222222223,303.1666666666667,197.61111111111111,116.09722222222223,400.05555555555554,152.11111111111111,352.2916666666667
487,118.23188405797102,81.5072463768116,115.91304347826087,128.65217391304347,306.07246376811594,190.8985507246377,111.56521739130434,379.5072463768116,150.71014492753622,346.3188405797101
488,115.22388059701493,82.88059701492537,115.41791044776119,131.71641791044777,321.8955223880597,186.65671641791045,107.23880597014926,378.64179104477614,141.2089552238806,334.5820895522388
489,117.15625,85.453125,111.828125,131.421875,322.9375,192.015625,104.515625,390.375,141.140625,337.203125
490,112.75409836065573,81.0,107.55737704918033,117.91803278688525,306.39344262295083,186.65573770491804,101.11475409836065,375.27868852459017,141.27868852459017,337.1639344262295
491,115.7090909090909,78.67272727272727,108.76363636363637,120.67272727272727,299.8909090909091,176.85454545454544,102.94545454545455,353.8909090909091,140.96363636363637,349.6181818181818
492,122.22916666666667,84.5625,116.83333333333333,155.54166666666666,332.7291666666667,182.35416666666666,103.39583333333333,350.3958333333333,141.20833333333334,367.4375
493,131.1086956521739,88.2,121.32608695652173,159.7826086956522,341.2391304347826,194.6086956521739,103.0,336.2173913043478,148.1304347826087,347.2173913043478
494,123.18181818181819,85.79545454545455,115.0,147.0,344.0,196.63636363636363,102.20454545454545,327.45454545454544,154.5681818181818,362.75
495,112.23809523809524,82.95238095238095,107.42857142857143,138.26190476190476,341.2142857142857,197.61904761904762,108.83333333333333,335.3095238095238,159.42857142857142,367.73809523809524
496,106.82926829268293,85.04878048780488,103.8780487804878,131.0,325.2682926829268,192.73170731707316,109.63414634146342,357.7073170731707,165.85365853658536,338.9512195121951
497,115.175,83.15,99.125,128.75,329.225,189.05,101.825,366.925,161.125,310.225
498,111.51282051282051,76.15384615384616,93.05128205128206,126.1025641025641,322.8205128205128,169.0,96.07692307692308,303.7435897435897,138.51282051282053,289.5897435897436
499,108.89189189189189,76.86486486486487,88.83783783783784,108.08108108108108,296.9189189189189,162.0,96.72972972972973,227.48648648648648,139.27027027027026,266.3783783783784
500,104.83333333333333,72.30555555555556,82.91666666666667,93.55555555555556,236.25,148.97222222222223,86.44444444444444,177.38888888888889,128.72222222222223,247.44444444444446
501,106.14285714285714,77.25714285714285,84.08571428571429,99.54285714285714,175.97142857142856,132.42857142857142,83.02857142857142,158.0,133.62857142857143,233.54285714285714
502,79.97058823529412,57.26470588235294,61.588235294117645,72.82352941176471,106.3529411764706,98.76470588235294,59.294117647058826,102.91176470588235,89.58823529411765,170.58823529411765
503,59.625,47.75,49.375,55.75,76.5,78.0,47.375,77.375,73.5,149.5
504,33.4,34.2,29.6,34.0,46.2,47.2,34.4,45.4,51.4,78.4
505,13.0,15.5,11.5,14.5,19.0,19.0,16.0,19.0,23.0,28.0
